congress	year	code	title	late_breaking	day	source_url
ACG	2025	4	Efficacy and Safety of Subcutaneous Guselkumab Induction and Maintenance Therapy in Participants With Ulcerative Colitis: Results Through Week 48 From the Phase 3 ASTRO Study		Monday, Oct 27th	https://acg2025.eventscribe.net/SearchByBucket.asp?f=CustomPresfield32&pfp=BrowsebyOrals
ACG	2025	20	Predictors of Rehospitalization in Patients With Immune Checkpoint Inhibitor Colitis		Tuesday, Oct 28th	https://acg2025.eventscribe.net/SearchByBucket.asp?f=CustomPresfield32&pfp=BrowsebyOrals
ACG	2025	24	Does Mild Endoscopic Disease Drive Persistent Symptoms in Crohn’s Disease? A Repeated Measures Analysis		Tuesday, Oct 28th	https://acg2025.eventscribe.net/SearchByBucket.asp?f=CustomPresfield32&pfp=BrowsebyOrals
ACG	2025	25	Differences in Outcomes Following Ileocecal Resection in Older Adults with Crohn’s Disease in the Biologic Era		Tuesday, Oct 28th	https://acg2025.eventscribe.net/SearchByBucket.asp?f=CustomPresfield32&pfp=BrowsebyOrals
ACG	2025	26	Both Low (TECH) and High (TEAM) Touch Interventions Improve Behavioral Health, IBD Symptoms, and Quality of Life: A Randomized Control Trial		Tuesday, Oct 28th	https://acg2025.eventscribe.net/SearchByBucket.asp?f=CustomPresfield32&pfp=BrowsebyOrals
ACG	2025	27	Data in Action: Improved Patient Adherence Using a Novel IBD Dashboard. Results of a Multi-Site 6-Month Pilot		Tuesday, Oct 28th	https://acg2025.eventscribe.net/SearchByBucket.asp?f=CustomPresfield32&pfp=BrowsebyOrals
ACG	2025	53	Early Colon Adenoma Development Following Immune Checkpoint Inhibitor Colitis: Implications for Prompt Surveillance Colonoscopy		Tuesday, Oct 28th	https://acg2025.eventscribe.net/SearchByBucket.asp?f=CustomPresfield32&pfp=BrowsebyOrals
ACG	2025	65	Efficacy and Safety of Icotrokinra, a Targeted Oral Peptide That Selectively Blocks IL-23 Receptor Activation, in Ulcerative Colitis: Results From Week 28 of ANTHEM-UC, a Phase 2b Dose-Ranging Trial		Wednesday, Oct 29th	https://acg2025.eventscribe.net/SearchByBucket.asp?f=CustomPresfield32&pfp=BrowsebyOrals
ACG	2025	66	Duvakitug, an anti-TL1a mAb, Demonstrates Efficacy and Favorable Safety as an Induction Treatment in Adults With Moderately to Severely Active Crohn’s Disease: Results From the RELIEVE UCCD Phase 2b Basket Trial		Wednesday, Oct 29th	https://acg2025.eventscribe.net/SearchByBucket.asp?f=CustomPresfield32&pfp=BrowsebyOrals
ACG	2025	67	Relationship Between Clinical and Histologic Findings With Tulisokibart Induction at Week 12 and Maintenance Dosing at Week 50 in the Phase 2 Randomized Controlled ARTEMIS-UC Study in Participants With Ulcerative Colitis		Wednesday, Oct 29th	https://acg2025.eventscribe.net/SearchByBucket.asp?f=CustomPresfield32&pfp=BrowsebyOrals
ACG	2025	68	Guselkumab Maintenance Dose Regimens in Patients With High Disease Activity and Severity: Subgroup Analysis of Participants With Moderately to Severely Active Crohn’s Disease in the GALAXI Phase 3 Studies		Wednesday, Oct 29th	https://acg2025.eventscribe.net/SearchByBucket.asp?f=CustomPresfield32&pfp=BrowsebyOrals
ACG	2025	69	Clinical and Endoscopic Improvements With Risankizumab Treatment in Patients With Moderate-to-Severe Crohn’s Disease Who Previously Failed Ustekinumab		Wednesday, Oct 29th	https://acg2025.eventscribe.net/SearchByBucket.asp?f=CustomPresfield32&pfp=BrowsebyOrals
ACG	2025	70	Efficacy and Safety of Subcutaneous Guselkumab Rescue Therapy in Patients With Moderately to Severely Active Crohn’s Disease and Inadequate Response to Ustekinumab: Results From GALAXI 1, 2, & 3 Long-Term Extension		Wednesday, Oct 29th	https://acg2025.eventscribe.net/SearchByBucket.asp?f=CustomPresfield32&pfp=BrowsebyOrals
ACG	2025	71	Real-World Comparative Effectiveness of Vedolizumab versus Upadacitinib and Risankizumab for Crohn’s Disease Through 52 Weeks		Wednesday, Oct 29th	https://acg2025.eventscribe.net/SearchByBucket.asp?f=CustomPresfield32&pfp=BrowsebyOrals
ACG	2025	72	Real World Outcomes of Upadacitinib Compared to Risankizumab as Second-Line Therapy in Patients With Crohn’s Disease Exposed to Tumor Necrosis Factor-Alpha Inhibitors		Wednesday, Oct 29th	https://acg2025.eventscribe.net/SearchByBucket.asp?f=CustomPresfield32&pfp=BrowsebyOrals
ACG	2025	73	Efficacy and Safety of Obefazimod in Patients With Moderately to Severely Active Ulcerative Colitis: Results From Two, Phase 3, Randomised, Double-Blind, Placebo-Controlled, 8-Week Induction Trials (ABTECT 1 & 2) (Late-Breaking Abstract)	LBA	Wednesday, Oct 29th	https://acg2025.eventscribe.net/SearchByBucket.asp?f=CustomPresfield32&pfp=BrowsebyOrals
ACG	2025	74	AVB-114 Demonstrates Clinical Benefit in Persistent Crohn’s Perianal Fistulas: Results From the Multicenter Randomized STOMP2 Trial (Late-Breaking Abstract)	LBA	Wednesday, Oct 29th	https://acg2025.eventscribe.net/SearchByBucket.asp?f=CustomPresfield32&pfp=BrowsebyOrals
ACG	2024	2	Correlation and Assessment of Small Bowel Lesions Using Cross-Sectional Imaging Techniques vs Small Intestinal Contrast UltraSonography in Known Crohn’s Disease (CACTUS-CD Trial): A Paired, Validating Study (NCT06125678)		Monday, Oct 28th	https://acg2024.eventscribe.net/SearchByBucket.asp?f=CustomPresfield32&pfp=BrowsebyOrals
ACG	2024	8	Primary Sclerosing Cholangitis in the Absence of Inflammatory Bowel Disease Increases the Risk of Colorectal Cancer: A Propensity-Matched Cohort Study		Monday, Oct 28th	https://acg2024.eventscribe.net/SearchByBucket.asp?f=CustomPresfield32&pfp=BrowsebyOrals
ACG	2024	29	Infliximab Versus Vedolizumab in Outpatient Treatment of Immune Checkpoint Inhibitor Colitis		Tuesday, Oct 29th	https://acg2024.eventscribe.net/SearchByBucket.asp?f=CustomPresfield32&pfp=BrowsebyOrals
ACG	2024	65	Fecal Microbiota Transplantation (FMT) With Bezlotoxumab Was Not Better Than FMT Alone in Inflammatory Bowel Disease Patients and Recurrent Clostridioides difficile Infection Results from a Randomized Controlled Trial		Wednesday, Oct 30th	https://acg2024.eventscribe.net/SearchByBucket.asp?f=CustomPresfield32&pfp=BrowsebyOrals
ACG	2024	66	Major Adverse Cardiovascular Events in Patients With IBD Taking Anti-TNF vs JAK Inhibitors: A Propensity Matched Cohort Analysis		Wednesday, Oct 30th	https://acg2024.eventscribe.net/SearchByBucket.asp?f=CustomPresfield32&pfp=BrowsebyOrals
ACG	2024	67	Impact of Gender-Affirming Hormone Therapy in Transgender and Gender Non-Conforming Patients With Inflammatory Bowel Disease		Wednesday, Oct 30th	https://acg2024.eventscribe.net/SearchByBucket.asp?f=CustomPresfield32&pfp=BrowsebyOrals
ACG	2024	68	Respiratory Syncytial Virus Vaccine is Associated With Better Outcomes in Inflammatory Bowel Disease Patients over 60 Years Old: A US Propensity-Matched Study		Wednesday, Oct 30th	https://acg2024.eventscribe.net/SearchByBucket.asp?f=CustomPresfield32&pfp=BrowsebyOrals
ACG	2024	69	Real World Comparison of Effectiveness, Durability, and Safety of First-Line Advanced Therapies for Ulcerative Proctitis		Wednesday, Oct 30th	https://acg2024.eventscribe.net/SearchByBucket.asp?f=CustomPresfield32&pfp=BrowsebyOrals
ACG	2024	70	Efficacy and Safety of Upadacitinib Maintenance Treatment in Patients With Moderately to Severely Active Crohn’s Disease: Two Year Results From the U-ENDURE Long-Term Extension Study		Wednesday, Oct 30th	https://acg2024.eventscribe.net/SearchByBucket.asp?f=CustomPresfield32&pfp=BrowsebyOrals
ACG	2024	71	Efficacy of Mirikizumab by Baseline Disease Location in Moderately to Severely Active Crohn’s Disease: Results of the Phase 3 VIVID-1 Study		Wednesday, Oct 30th	https://acg2024.eventscribe.net/SearchByBucket.asp?f=CustomPresfield32&pfp=BrowsebyOrals
ACG	2024	72	Efficacy and Safety of Subcutaneous Guselkumab Induction Therapy in Patients With Moderately to Severely Active Crohn’s Disease: Results Through Week 48 From the Phase 3 GRAVITI Study		Wednesday, Oct 30th	https://acg2024.eventscribe.net/SearchByBucket.asp?f=CustomPresfield32&pfp=BrowsebyOrals
ACG	2024	73	Week 48 Efficacy Of Guselkumab And Ustekinumab In Crohn’s Disease Based On Prior Response/Exposure To Biologic Therapy: Results From The GALAXI 2 and 3 Phase 3 Studies		Wednesday, Oct 30th	https://acg2024.eventscribe.net/SearchByBucket.asp?f=CustomPresfield32&pfp=BrowsebyOrals
ACG	2024	74	TUSCANY-2: A Dose-Ranging Phase IIb Study Evaluating Efficacy and Safety of RO7790121, an Antibody Against Tumor Necrosis Factor-Like Ligand 1A (Anti-TL1A) in Adults With Moderately to Severely Active Ulcerative Colitis		Wednesday, Oct 30th	https://acg2024.eventscribe.net/SearchByBucket.asp?f=CustomPresfield32&pfp=BrowsebyOrals
ACG	2023	9	Biologic and Small Molecule Therapies Are Not Associated with Increased Major Adverse Cardiovascular Events (MACE) in IBD: A Propensity Matched Cohort Study		Monday, Oct 23rd	https://acg2023.eventscribe.net/SearchByBucket.asp?f=CustomPresfield32&pfp=BrowsebyOrals
ACG	2023	30	The Effect of Low-Dose Aspirin on Disease Activity in Pregnant Individuals with Inflammatory Bowel Disease		Tuesday, Oct 24th	https://acg2023.eventscribe.net/SearchByBucket.asp?f=CustomPresfield32&pfp=BrowsebyOrals
ACG	2023	31	Increased Risk of Respiratory Syncytial Virus Among Patients With Inflammatory Bowel Disease		Tuesday, Oct 24th	https://acg2023.eventscribe.net/SearchByBucket.asp?f=CustomPresfield32&pfp=BrowsebyOrals
ACG	2023	32	Pharmacokinetics, Exposure-Response Relationships, and Immunogenicity in Crohn’s Disease Patients with Ustekinumab Secondary Loss of Response Following Ustekinumab IV Re-Induction: Week 16 Results from the POWER Study		Tuesday, Oct 24th	https://acg2023.eventscribe.net/SearchByBucket.asp?f=CustomPresfield32&pfp=BrowsebyOrals
ACG	2023	33	Symptomatic Improvement Observed Within 2 Days of Etrasimod Induction Therapy: Results from ELEVATE UC 52 and ELEVATE UC 12 Studies in Patients with Ulcerative Colitis		Tuesday, Oct 24th	https://acg2023.eventscribe.net/SearchByBucket.asp?f=CustomPresfield32&pfp=BrowsebyOrals
ACG	2023	34	Early Symptomatic Improvement With Guselkumab Induction Treatment in Moderately to Severely Active Ulcerative Colitis: Results from the Phase 3 QUASAR Induction Study		Tuesday, Oct 24th	https://acg2023.eventscribe.net/SearchByBucket.asp?f=CustomPresfield32&pfp=BrowsebyOrals
ACG	2023	35	Risankizumab Induction Therapy in Patients WIth Moderately to Severely Active Ulcerative Colitis: Efficacy and Safety in the Randomized Phase 3 INSPIRE Study		Tuesday, Oct 24th	https://acg2023.eventscribe.net/SearchByBucket.asp?f=CustomPresfield32&pfp=BrowsebyOrals
ACG	2023	36	Monitoring IBD by Intestinal Ultrasound Decreases Time to Treatment Change and Time to Remission in Comparison to Conventional Management		Tuesday, Oct 24th	https://acg2023.eventscribe.net/SearchByBucket.asp?f=CustomPresfield32&pfp=BrowsebyOrals
ACG	2023	69	Efficacy of Guselkumab in Patients With Moderately to Severely Active Crohn’s Disease Not in Clinical Response at Week 12: Results From the GALAXI 1 Study		Wednesday, Oct 25th	https://acg2023.eventscribe.net/SearchByBucket.asp?f=CustomPresfield32&pfp=BrowsebyOrals
ACG	2023	70	Two-Year Efficacy and Safety of Mirikizumab Following 104 Weeks of Continuous Treatment: Interim Results From the LUCENT-3 Open-Label Extension Study		Wednesday, Oct 25th	https://acg2023.eventscribe.net/SearchByBucket.asp?f=CustomPresfield32&pfp=BrowsebyOrals
ACG	2023	71	Real-World Clinical Effectiveness and Safety of Vedolizumab and Ustekinumab in Bio-Naïve Patients With Complex Crohn’s Disease: Results from the EVOLVE Expansion Study		Wednesday, Oct 25th	https://acg2023.eventscribe.net/SearchByBucket.asp?f=CustomPresfield32&pfp=BrowsebyOrals
ACG	2023	72	Comparative Effectiveness of Upadacitinib vs Ustekinumab for Ulcerative Colitis at 8-16 Weeks: A Multicenter Retrospective Cohort Study		Wednesday, Oct 25th	https://acg2023.eventscribe.net/SearchByBucket.asp?f=CustomPresfield32&pfp=BrowsebyOrals
