Vienna 2024|AbbVie|Timely action in CD: Why waiting is not an option (AbbVie) (Complete Session)
Copenhagen 2023|Johnson & Johnson|Blazing the trail - From IL-12/23 to IL-23 and beyond (Janssen) (Complete Session)
Berlin 2025|AbbVie|JAK inhibitors in IBD: Overtaking inflammation from the start (AbbVie) (Complete Session)
Berlin 2025|AbbVie|Charting the course in IBD: Achieving early and sustained control with IL-23 inhibitors (AbbVie) (Complete Session)
Copenhagen 2023|Takeda|Achieving control in Crohn's disease: today and tomorrow (Takeda) (Complete Session)
Copenhagen 2023|Pfizer|It takes two to tango in UC: let’s get in sync with our patients (Pfizer Inc.) (Complete Session)
Vienna 2024|AbbVie|Timely action in UC: Achieving mucosal healing to optimize patient outcomes (AbbVie) (Complete Session)
Copenhagen 2023|AbbVie|Revolutionizing the treatment landscape in Crohn’s disease: How IL-23 and JAK inhibitors are changing the rhythm (AbbVie) (Complete Session)
Copenhagen 2023|Takeda|Gathering intelligence to improve long-term outcomes in ulcerative colitis: new evidence (Takeda) (Complete Session)
Copenhagen 2023|Pfizer|The real-world experience: Navigating the ocean of JAKi evidence to help improve outcomes for patients with UC (Pfizer Inc.) (Complete Session)
Berlin 2025|Johnson & Johnson|Navigating the IL-23 universe: breaking frontiers in Crohn’s disease (Johnson and Johnson) (Complete Session)
Berlin 2025|Johnson & Johnson|Navigating the IL-23 universe: breaking frontiers in ulcerative colitis (Johnson and Johnson) (Complete Session)
Vienna 2024|Johnson & Johnson|Future horizons: a glimpse into IL-23’s next chapter (Johnson and Johnson) (Complete Session)
Berlin 2025|Abivax|From Evolution to Revolution: New Mechanisms of Action in Ulcerative Colitis (Abivax) (Complete Session)
Berlin 2025|Celltrion|When & for Whom: Intravenous vs Subcutaneous Therapies in IBD Maintenance (Celltrion) (Complete Session)
Berlin 2025|Eli Lilly|Paving the way to comprehensive management in CD: Long-term remission with mirikizumab (Eli Lilly and Company) (Complete Session)
Berlin 2025|Eli Lilly|Driving the evolution of treatment goals in UC management: Long-term remission with mirikizumab (Eli Lilly and Company) (Complete Session)
Vienna 2024|Eli Lilly|Early & Sustained Control in UC: from trials to clinical practice with mirikizumab (Eli Lilly and Company) (Complete Session)
