guselkumab|poster|Berlin 2025|PP0500|COMPARATIVE EFFICACY OF GUSELKUMAB VS. RISANKIZUMAB IN INDUCTION PHASE FOR MODERATE TO SEVERE CROHN'S DISEASE: AN ANCHORED MAIC ANALYSIS|Suzy van Sanden et al.
guselkumab|poster|Berlin 2025|PP1117|EARLIER USE OF GUSELKUMAB IS PROJECTED TO YIELD LONG-TERM SUSTAINED REMISSION IN PATIENTS WITH MODERATE-TO-SEVERE ULCERATIVE COLITIS|Mariya Dimova et al.
guselkumab|poster|Berlin 2025|MP583|EFFICACY OF GUSELKUMAB FOR SMALL BOWEL LESIONS USING BALLOON ASSISTED ENTEROSCOPY: A PHASE 3, OPEN-LABEL, MULTICENTER STUDY|Teppei Omori et al.
guselkumab|poster|Berlin 2025|MP581|GUSELKUMAB PHARMACOKINETICS AND EXPOSURE-RESPONSE RELATIONSHIPS ARE CONSISTENT FOLLOWING INTRAVENOUS VERSUS SUBCUTANEOUS INDUCTION IN PARTICIPANTS WITH CROHN’S DISEASE|Geert R. D'Haens et al.
guselkumab|poster|Vienna 2024|MP563|GUSELKUMAB DECREASES KEY CELLULAR INFLAMMATORY PROCESSES ACROSS ILEUM AND COLON TISSUE IN CROHN’S DISEASE|Dylan Richards et al.
guselkumab|poster|Berlin 2025|MP142|GUSELKUMAB VERSUS RISANKIZUMAB AS MAINTENANCE TREATMENT FOR MODERATELY TO SEVERELY ACTIVE ULCERATIVE COLITIS: NETWORK META-ANALYSES OF CLINICAL REMISSION AND ENDOSCOPIC OUTCOMES|Elise Wu et al.
guselkumab|poster|Berlin 2025|MP532|ENDOSCOPIC PATIENT CLUSTERING TO INVESTIGATE DIFFERENTIAL TREATMENT EFFECTS OF GUSELKUMAB AND USTEKINUMAB IN CROHN’S DISEASE: POST-HOC ANALYSIS OF GALAXI AND GRAVITI TRIALS|Dylan Richards et al.
guselkumab|poster|Berlin 2025|PP0492|EFFICACY OF GUSELKUMAB IN MODERATELY TO SEVERELY ACTIVE ULCERATIVE COLITIS BY EXTENT OF DISEASE AND INFLAMMATORY BURDEN: SUBGROUP ANALYSIS OF THE PHASE 3 QUASAR MAINTENANCE STUDY|Jessica Allegretti et al.
guselkumab|poster|Vienna 2024|MP670|THE EFFICACY AND SAFETY OF GUSELKUMAB AS MAINTENANCE THERAPY IN PATIENTS WITH MODERATELY TO SEVERELY ACTIVE ULCERATIVE COLITIS: RESULTS FROM THE PHASE 3 QUASAR MAINTENANCE STUDY|David T. Rubin et al.
guselkumab|poster|Berlin 2025|MP582|GUSELKUMAB MAINTENANCE DOSE REGIMENS IN PATIENTS WITH HIGH DISEASE ACTIVITY AND SEVERITY: SUBGROUP ANALYSIS OF PARTICIPANTS WITH MODERATELY TO SEVERELY ACTIVE CROHN’S DISEASE IN THE GALAXI PHASE 3 STUDIES|Anita Afzali et al.
guselkumab|poster|Berlin 2025|MP586|INTRAVENOUS AND SUBCUTANEOUS GUSELKUMAB INDUCTION THERAPY ARE BOTH EFFICACIOUS IN CROHN’S DISEASE PATIENTS WITH HIGH BASELINE DISEASE SEVERITY: RESULTS AT WEEK 12 FROM THE PHASE 3 GALAXI AND GRAVITI STUDIES|Bruce E. Sands et al.
guselkumab|poster|Berlin 2025|MP306|EFFECTS OF SUBCUTANEOUS GUSELKUMAB INDUCTION AND MAINTENANCE ON HISTOLOGIC OUTCOMES IN PATIENTS WITH MODERATELY TO SEVERELY ACTIVE CROHN’S DISEASE IN GRAVITI, A PHASE 3 DOUBLE-BLIND, PLACEBO-CONTROLLED, TREAT-THROUGH STUDY|Geert R. D'Haens et al.
guselkumab|poster|Berlin 2025|MP724|EFFECT OF GUSELKUMAB SUBCUTANEOUS INDUCTION AND MAINTENANCE ON BOWEL URGENCY AND ABDOMINAL PAIN AS MEASURED BY THE UC-PRO/SS IN PARTICIPANTS WITH MODERATELY TO SEVERELY ACTIVE ULCERATIVE COLITIS: RESULTS FROM THE PHASE 3 ASTRO STUDY|Silvio Danese et al.
guselkumab|poster|Copenhagen 2023|MP082|EARLY SYMPTOMATIC IMPROVEMENT WITH GUSELKUMAB INDUCTION TREATMENT IN MODERATELY TO SEVERELY ACTIVE ULCERATIVE COLITIS: RESULTS FROM THE PHASE 3 QUASAR INDUCTION STUDY|Gary R. Lichtenstein et al.
guselkumab|poster|Vienna 2024|MP672|WEEK 48 EFFICACY OF GUSELKUMAB AND USTEKINUMAB IN CROHN’S DISEASE BASED ON PRIOR RESPONSE/EXPOSURE TO BIOLOGIC THERAPY: RESULTS FROM THE GALAXI 2 & 3 PHASE 3 STUDIES|Silvio Danese et al.
guselkumab|poster|Vienna 2024|MP671|EFFICACY OF GUSELKUMAB IN MODERATELY TO SEVERELY ACTIVE CROHN’S DISEASE ACCORDING TO INDUCTION CLINICAL RESPONSE STATUS: WEEK 48 RESULTS FROM THE GALAXI 2 & 3 PHASE 3 TRIALS|Anita Afzali et al.
guselkumab|poster|Copenhagen 2023|PP0767|IMPROVEMENT IN INFLAMMATORY BIOMARKER LEVELS THROUGH WEEK 12 IN MODERATELY TO SEVERELY ACTIVE ULCERATIVE COLITIS PATIENTS TREATED WITH GUSELKUMAB: RESULTS FROM THE PHASE 3 QUASAR INDUCTION STUDY|Tadakazu Hisamatsu et al.
guselkumab|poster|Copenhagen 2023|MP088|GUSELKUMAB, AN IL-23P19 SUBUNIT–SPECIFIC MONOCLONAL ANTIBODY, BINDS CD64 ON THE SURFACE OF IL-23-SECRETING MYELOID CELLS, CAPTURES LOCALLY PRODUCED IL-23, AND DELIVERS IL-23 TO INTRACELLULAR COMPARTMENTS|Raja Atreya et al.
guselkumab|presentation|Vienna 2024||EFFICACY AND SAFETY OF GUSELKUMAB MAINTENANCE THERAPY AMONG GUSELKUMAB INDUCTION WEEK 24 CLINICAL RESPONDERS: RESULTS FROM THE PHASE 3 QUASAR MAINTENANCE STUDY|David T. Rubin et al.
guselkumab|presentation|Berlin 2025||MAINTENANCE OF ENDOSCOPIC AND HISTOLOGIC EFFICACY WITH GUSELKUMAB FOR ULCERATIVE COLITIS AT WEEK 92 OF THE QUASAR LONG-TERM EXTENSION STUDY|Tadakazu Hisamatsu et al.
guselkumab|presentation|Berlin 2025||EFFICACY AND SAFETY OF SUBCUTANEOUS GUSELKUMAB INDUCTION AND MAINTENANCE THERAPY IN PARTICIPANTS WITH ULCERATIVE COLITIS: RESULTS THROUGH WEEK 48 FROM THE PHASE 3 ASTRO STUDY|Jessica Allegretti et al.
guselkumab|presentation|Copenhagen 2023||EFFICACY AND SAFETY OF GUSELKUMAB FOR CROHN’S DISEASE THROUGH 3 YEARS: GALAXI-1 LONG-TERM EXTENSION|Anita Afzali et al.
guselkumab|presentation|Berlin 2025||MOLECULAR DIFFERENTIATION OF GUSELKUMAB AND USTEKINUMAB IN MODERATELY TO SEVERELY ACTIVE CROHN’S DISEASE: POST HOC ANALYSIS OF THE GALAXI 2 AND 3 PHASE 3 STUDIES|Dylan Richards et al.
guselkumab|presentation|Vienna 2024||GUSELKUMAB BINDING TO CD64+ IL-23–PRODUCING MYELOID CELLS ENHANCES POTENCY FOR NEUTRALIZING IL-23 SIGNALING|Raja Atreya et al.
guselkumab|presentation|Berlin 2025||EFFICACY AND SAFETY OF SUBCUTANEOUS GUSELKUMAB RESCUE THERAPY IN PATIENTS WITH MODERATELY TO SEVERELY ACTIVE CROHN’S DISEASE AND INADEQUATE RESPONSE TO USTEKINUMAB: RESULTS FROM GALAXI 1, 2, & 3 LONG-TERM EXTENSION|Anita Afzali et al.
guselkumab|presentation|Copenhagen 2023||THE EFFICACY AND SAFETY OF GUSELKUMAB INDUCTION THERAPY IN PATIENTS WITH MODERATELY TO SEVERELY ACTIVE ULCERATIVE COLITIS: RESULTS FROM THE PHASE 3 QUASAR INDUCTION STUDY|Laurent Peyrin-Biroulet et al.
guselkumab|presentation|Copenhagen 2023||EFFICACY OF GUSELKUMAB IN PATIENTS WITH MODERATELY TO SEVERELY ACTIVE CROHN’S DISEASE NOT IN CLINICAL RESPONSE AT WEEK 12: RESULTS FROM THE GALAXI 1 STUDY|Remo Panaccione et al.
guselkumab|presentation|Vienna 2024||CORTICOSTEROID SPARING EFFECTS OF TREATMENT WITH GUSELKUMAB IN PATIENTS WITH MODERATE TO SEVERELY ACTIVE ULCERATIVE COLITIS: PHASE 3 QUASAR MAINTENANCE STUDY RESULTS THROUGH WEEK 44|Brian Bressler et al.
guselkumab|presentation|Vienna 2024||EFFICACY OF GUSELKUMAB VERSUS PLACEBO IN CROHN’S DISEASE BASED ON PRIOR RESPONSE/EXPOSURE TO BIOLOGIC THERAPY: RESULTS OF THE GALAXI 2 & 3 PHASE 3 STUDIES|Bruce E. Sands et al.
guselkumab|presentation|Vienna 2024||THE EFFICACY OF MAINTENANCE TREATMENT WITH GUSELKUMAB IN PATIENTS WITH MODERATELY TO SEVERELY ACTIVE ULCERATIVE COLITIS: PHASE 3 QUASAR MAINTENANCE STUDY RESULTS AT WEEK 44 BY BIOLOGIC/JANUS KINASE INHIBITOR HISTORY|Jessica Allegretti et al.
guselkumab|presentation|Vienna 2024||IMPACT OF GUSELKUMAB MAINTENANCE THERAPY ON HISTOLOGIC AND COMBINED HISTOLOGIC AND ENDOSCOPIC OUTCOMES IN PATIENTS WITH MODERATELY TO SEVERELY ACTIVE ULCERATIVE COLITIS: WEEK 44 RESULTS FROM THE PHASE 3 QUASAR MAINTENANCE STUDY|Julian Panés et al.
guselkumab|presentation|Copenhagen 2023||THE EFFICACY OF INDUCTION TREATMENT WITH GUSELKUMAB IN PATIENTS WITH MODERATELY TO SEVERELY ACTIVE ULCERATIVE COLITIS: PHASE 3 QUASAR INDUCTION STUDY RESULTS AT WEEK 12 BY PRIOR ADVANCED THERAPY HISTORY|Brian Bressler et al.
guselkumab|presentation|Copenhagen 2023||IMPACT OF GUSELKUMAB INDUCTION THERAPY ON HISTOLOGIC AND COMBINED HISTOLOGIC AND ENDOSCOPIC OUTCOMES IN PATIENTS WITH MODERATELY TO SEVERELY ACTIVE ULCERATIVE COLITIS: WEEK 12 RESULTS FROM THE PHASE 3 QUASAR INDUCTION STUDY|Julian Panés et al.
icotrokinra|presentation|Berlin 2025||ICOTROKINRA, A TARGETED ORAL PEPTIDE THAT SELECTIVELY BLOCKS IL-23 RECEPTOR ACTIVATION, IN MODERATELY TO SEVERELY ACTIVE ULCERATIVE COLITIS: WEEK 12 RESULTS FROM THE PHASE 2B, RANDOMIZED, DOUBLE-BLIND, PLACEBO-CONTROLLED, TREAT-THROUGH, DOSE-RANGING ANTHE|Vipul Jairath et al.
risankizumab|poster|Berlin 2025|MP035|RISANKIZUMAB IN PERIANAL CROHN’S DISEASE: REAL-WORLD EVIDENCE FROM A MULTICENTER RETROSPECTIVE COHORT|
risankizumab|poster|Copenhagen 2023|PP0636|RISANKIZUMAB LEVELS ARE SIGNIFICANTLY CORRELATED AND PREDICTIVE OF BIOMARKER REMISSION IN CROHN'S DISEASE|
risankizumab|poster|Berlin 2025|MP822|MID-TERM OUTCOMES OF RISANKIZUMAB IN REFRACTORY CROHN’S DISEASE: A MULTICENTER REAL-WORLD STUDY IN ANDALUSIA, SPAIN|
risankizumab|poster|Berlin 2025|MP485|EFFECTIVENESS OF RISANKIZUMAB IN DIFFICULT-TO-TREAT CROHN'S DISEASE - PROSPECTIVE REAL-WORLD EVIDENCE FROM THE INITIATIVE ON CROHN AND COLITIS REGISTRY|
risankizumab|poster|Berlin 2025|PP0500|COMPARATIVE EFFICACY OF GUSELKUMAB VS. RISANKIZUMAB IN INDUCTION PHASE FOR MODERATE TO SEVERE CROHN'S DISEASE: AN ANCHORED MAIC ANALYSIS|
risankizumab|poster|Berlin 2025|MP817|REAL-WORLD SHORT AND LONG-TERM EFFECTIVENESS OF RISANKIZUMAB IN REFRACTORY CROHN’S DISEASE: RISANCROHN STUDY FROM THE ENEIDA REGISTRY|
risankizumab|poster|Berlin 2025|PP0531|REAL-LIFE EFFICACY AND SAFETY OF RISANKIZUMAB IN CROHN’S DISEASE: A MULTICENTER OBSERVATIONAL STUDY FROM THE APULIAN NETWORK FOR INFLAMMATORY BOWEL DISEASE|
risankizumab|poster|Berlin 2025|MP142|GUSELKUMAB VERSUS RISANKIZUMAB AS MAINTENANCE TREATMENT FOR MODERATELY TO SEVERELY ACTIVE ULCERATIVE COLITIS: NETWORK META-ANALYSES OF CLINICAL REMISSION AND ENDOSCOPIC OUTCOMES|
risankizumab|poster|Berlin 2025|MP584|DURABLE EFFICACY OF RISANKIZUMAB THROUGH WEEK 100 IN PATIENTS WITH MODERATELY TO SEVERELY ACTIVE CROHN’S DISEASE: A POST HOC ANALYSIS FROM PART 2 OF THE SEQUENCE TRIAL|
risankizumab|poster|Vienna 2024|MP621|EFFECTIVENESS AND SAFETY OF RISANKIZUMAB IN PATIENTS WITH CROHN’S DISEASE: ONE-YEAR FOLLOW-UP DATA FORM A LARGE TERTIARY CENTER|
risankizumab|poster|Vienna 2024|MP620|CLINICAL OUTCOMES OF RISANKIZUMAB THERAPY IN PATIENTS WITH ULCERATIVE COLITIS BY BASELINE DISEASE CHARACTERISTICS: RESULTS FROM THE PHASE 3 INSPIRE AND COMMAND STUDIES|
risankizumab|poster|Berlin 2025|MP309|THE ASSOCIATION OF ENDOSCOPIC OUTCOMES WITH LONG-TERM CLINICAL IMPROVEMENTS IN RISANKIZUMAB-TREATED PATIENTS WITH MODERATE TO SEVERE CROHN’S DISEASE: POST HOC RESULTS FROM THE PHASE 3 SEQUENCE TRIAL|
risankizumab|poster|Vienna 2024|PP0589|EFFICACY OF RISANKIZUMAB VERSUS USTEKINUMAB BY DURATION OF DISEASE IN PATIENTS WITH MODERATE TO SEVERE CROHN’S DISEASE: A POSTHOC ANALYSIS FROM THE PHASE 3 SEQUENCE STUDY|
risankizumab|poster|Vienna 2024|MP677|IMPROVEMENT IN HEALTH-RELATED QUALITY OF LIFE IN PATIENTS WITH MODERATE TO SEVERE CROHN’S DISEASE TREATED WITH RISANKIZUMAB VERSUS USTEKINUMAB IN THE PHASE 3 SEQUENCE STUDY|
risankizumab|poster|Berlin 2025|MP364|SUSTAINED IMPROVEMENT IN PATIENT-REPORTED OUTCOMES WITH LONG-TERM RISANKIZUMAB TREATMENT IN PATIENTS WITH MODERATELY TO SEVERELY ACTIVE ULCERATIVE COLITIS: INTERIM 2-YEAR RESULTS FROM THE PHASE 3 COMMAND OPEN-LABEL EXTENSION STUDY|
risankizumab|poster|Berlin 2025|MP589|INFLAMMATORY BIOMARKER REDUCTIONS AND IMPROVEMENTS IN CLINICAL AND QUALITY OF LIFE OUTCOMES WITH RISANKIZUMAB THROUGH 100 WEEKS OF TREATMENT IN PATIENTS WITH MODERATELY TO SEVERELY ACTIVE CROHN’S DISEASE: A POST HOC ANALYSIS FROM PART 2 OF THE SEQUENCE TR|
risankizumab|poster|Berlin 2025|MP261|THE ASSOCIATION BETWEEN ENDOSCOPIC HEALING AND LONG-TERM PATIENT REPORTED OUTCOMES AND HOSPITALIZATION IN PATIENTS WITH MODERATE TO SEVERE CROHN’S DISEASE AFTER 3 YEARS OF RISANKIZUMAB MAINTENANCE TREATMENT: POST HOC ANALYSIS OF THE PHASE 3 FORTIFY TRIAL|
risankizumab|poster|Vienna 2024|PP0588|INFLAMMATORY BIOMARKER REDUCTION AND IMPROVEMENT NORMALIZATION AND IN CLINICAL OUTCOMES WITH RISANKIZUMAB VERSUS USTEKINUMAB IN PATIENTS WITH MODERATE TO SEVERE CROHN’S DISEASE: A POSTHOC ANALYSIS FROM THE PHASE 3 SEQUENCE STUDY|
risankizumab|poster|Vienna 2024|MP619|ACHIEVEMENT OF NORMALISED HEALTH-RELATED QUALITY OF LIFE OUTCOMES WITH RISANKIZUMAB TREATMENT IN PATIENTS WITH MODERATELY TO SEVERELY ACTIVE ULCERATIVE COLITIS: A POST-HOC ANALYSIS OF PHASE 3 INSPIRE & COMMAND STUDIES|
risankizumab|poster|Vienna 2024|MP614|CORTICOSTEROID-FREE CLINICAL AND ENDOSCOPIC OUTCOMES OF RISANKIZUMAB THROUGH WEEK 144 IN PATIENTS WITH MODERATELY TO SEVERELY ACTIVE CROHN’S DISEASE: A POST HOC ANALYSIS FROM THE FORTIFY LONG-TERM EXTENSION SUBSTUDY|
risankizumab|poster|Vienna 2024|MP622|RISANKIZUMAB IS ASSOCIATED WITH GREATER IMPROVEMENTS IN SIMPLE ENDOSCOPIC SCORE FOR CROHN’S DISEASE VS USTEKINUMAB IN PATIENTS WITH MODERATELY TO SEVERELY ACTIVE CROHN’S DISEASE: POST HOC RESULTS FROM THE PHASE 3B SEQUENCE TRIAL|
risankizumab|presentation|Vienna 2024||REAL-WORLD SHORT-TERM EFFECTIVENESS OF RISANKIZUMAB IN REFRACTORY CROHN’S DISEASE: RISANCROHN STUDY FROM THE ENEIDA REGISTRY|
risankizumab|presentation|Berlin 2025||EFFICACY AND SAFETY OF RISANKIZUMAB AFTER 4 YEARS OF TREATMENT IN PATIENTS WITH MODERATE TO SEVERE CROHN'S DISEASE: RESULTS FROM THE FORTIFY OPEN-LABEL LONG-TERM EXTENSION|
risankizumab|presentation|Copenhagen 2023||RISANKIZUMAB VERSUS USTEKINUMAB FOR PATIENTS WITH MODERATE TO SEVERE CROHN'S DISEASE: RESULTS FROM THE PHASE 3B SEQUENCE STUDY|
risankizumab|presentation|Vienna 2024||RISANKIZUMAB, BUT NOT USTEKINUMAB OR VEDOLIZUMAB, DOWNREGULATES IL-23-INDUCED MUCOSAL PATHOGENIC TH17 CELLS IN PATIENTS WITH CROHN’S DISEASE|
risankizumab|presentation|Copenhagen 2023||RISANKIZUMAB INDUCTION THERAPY IN PATIENTS WITH MODERATELY TO SEVERELY ACTIVE ULCERATIVE COLITIS: EFFICACY AND SAFETY IN THE RANDOMIZED PHASE 3 INSPIRE STUDY|
risankizumab|presentation|Berlin 2025||RISANKIZUMAB EXERTS A DURABLE EFFECT ON CLINICAL OUTCOMES THAT IS ASSOCIATED WITH MITOCHONDRIAL FUNCTION AND ENERGY METABOLISM IN THE GUT OF CROHN’S DISEASE PATIENTS: TRANSCRIPTOMIC PROFILING FROM THE PHASE 3 INDUCTION AND MAINTENANCE STUDIES ADVANCE, MOT|
risankizumab|presentation|Vienna 2024||SUSTAINED CLINICAL AND ENDOSCOPIC IMPROVEMENTS WITH UP TO 3 YEARS OF RISANKIZUMAB TREATMENT IN PATIENTS WITH MODERATELY TO SEVERELY ACTIVE CROHN’S DISEASE REGARDLESS OF NUMBER OF PRIOR BIOLOGIC FAILURES|
risankizumab|presentation|Copenhagen 2023||EFFECT OF RISANKIZUMAB TREATMENT ON EXTRAINTESTINAL MANIFESTATIONS (EIMS) IN PATIENTS WITH MODERATE TO SEVERE CROHN’S DISEASE (CD): RESULTS FROM THE ADVANCE, MOTIVATE AND FORTIFY STUDIES|
risankizumab|presentation|Copenhagen 2023||IMPACT OF RISANKIZUMAB ON INTESTINAL STENOSIS IN PATIENTS WITH MODERATELY TO SEVERELY ACTIVE CROHN’S DISEASE: POST HOC ANALYSIS OF THE PHASE 3 ADVANCE, MOTIVATE, AND FORTIFY STUDIES|
risankizumab|presentation|Copenhagen 2023||ASSOCIATION OF BASELINE IL-23 PATHWAY-ASSOCIATED GENE EXPRESSION WITH RISANKIZUMAB-INDUCED CLINICAL REMISSION AND ENDOSCOPIC RESPONSE AT WEEK 12 IN CROHN’S DISEASE PATIENTS|
mirikizumab|poster|Berlin 2025|PP0539|EFFECTIVENESS AND SAFETY OF MIRIKIZUMAB IN ULCERATIVE COLITIS: REAL WORLD PRELIMINARY DATA FROM LATIUM NET|
mirikizumab|poster|Berlin 2025|MP785|EFFECTIVENESS AND SAFETY OF MIRIKIZUMAB IN PATIENTS WITH MODERATE-TO-SEVERE ULCERATIVE COLITIS: A REAL-LIFE MULTICENTER STUDY|
mirikizumab|poster|Berlin 2025|MP784|SHORT-TERM EFFECTIVENESS AND SAFETY OF MIRIKIZUMAB IN ULCERATIVE COLITIS: REAL-WORLD EVIDENCE FROM THE ENEIDA REGISTRY OF GETECCU|
mirikizumab|poster|Berlin 2025|PP0509|COMBINED ACHIEVEMENT OF SYMPTOMATIC AND BIOMARKER REMISSION WITH MIRIKIZUMAB IN PATIENTS WITH ULCERATIVE COLITIS IN THE PHASE 3 LUCENT STUDIES|
mirikizumab|poster|Berlin 2025|PP0563|COMPARISON OF MIRIKIZUMAB VS. USTEKINUMAB EFFICACY FOR INDUCTION OF REMISSION IN ULCERATIVE COLITIS – A 1:2 MATCHED ANALYSIS|
mirikizumab|poster|Berlin 2025|PP0517|ONE SUBCUTANEOUS INJECTION OF MIRIKIZUMAB IS BIOEQUIVALENT TO TWO SUBCUTANEOUS INJECTIONS: RESULTS FROM A PHARMACOKINETIC COMPARABILITY STUDY IN HEALTHY PARTICIPANTS|
mirikizumab|poster|Vienna 2024|PP0624|REAL-WORLD DATA ON THE TREATMENT WITH MIRIKIZUMAB IN A MOSTLY BIOLOGICAL-EXPERIENCED ULCERATIVE COLITIS COHORT|
mirikizumab|poster|Berlin 2025|MP601|MIRIKIZUMAB IMPROVES QUALITY OF LIFE IN PATIENTS WITH CROHN’S DISEASE UP TO 2 YEARS OF TREATMENT: RESULTS FROM THE VIVID-2 STUDY|
mirikizumab|poster|Berlin 2025|PP0484|MIRIKIZUMAB-TREATED PATIENTS ARE ASSOCIATED WITH REDUCED RISK OF UC-RELATED HOSPITALIZATION AND SURGERY IN PATIENTS WITH ULCERATIVE COLITIS IN LUCENT TRIALS|
mirikizumab|poster|Berlin 2025|PP0533|MIRIKIZUMAB DEMONSTRATES LONG-TERM EFFICACY ON HISTOLOGICAL RESOLUTION IN THE PHASE 3, MULTICENTER, OPEN-LABEL VIVID-2 EXTENSION STUDY|
mirikizumab|poster|Berlin 2025|PP0542|WEEK 12 EFFECTIVENESS AND SAFETY OF MIRIKIZUMAB IN DIFFICULT-TO-TREAT ULCERATIVE COLITIS - PROSPECTIVE REAL-WORLD EVIDENCE FROM THE INITIATIVE ON CROHN AND COLITIS REGISTRY|
mirikizumab|poster|Berlin 2025|MP602|REAL WORLD EXPERIENCE WITH MIRIKIZUMAB IN THE TREATMENT OF HIGHLY REFRACTORY AND PRETREATED ULCERATIVE COLITIS. FIRST INTERIM-ANALYSIS FROM A LARGE EUROPEAN TERTIARY CENTER POPULATION|
mirikizumab|poster|Vienna 2024|PP0550|MIRIKIZUMAB EFFECT ON BOWEL URGENCY RESOLUTION IN A RANDOMISED CONTROLLED PHASE 3 TRIAL OF PARTICIPANTS WITH CROHN’S DISEASE|
mirikizumab|poster|Berlin 2025|MP721|MIRIKIZUMAB PROVIDES SUSTAINED LONG-TERM EFFICACY UP TO 4 YEARS OF TREATMENT FOR ULCERATIVE COLITIS: FINAL RESULTS FROM THE LUCENT-3 OPEN-LABEL EXTENSION STUDY|
mirikizumab|poster|Copenhagen 2023|MP084|CORTICOSTEROID-SPARING EFFECT IN PATIENTS WITH MODERATELY TO SEVERELY ACTIVE ULCERATIVE COLITIS TREATED WITH MIRIKIZUMAB MAINTENANCE THERAPY|
mirikizumab|poster|Vienna 2024|MP616|EFFECT OF MIRIKIZUMAB ON CLINICAL AND ENDOSCOPIC OUTCOMES AFTER 1 ANTI-TNF FAILURE IN PATIENTS WITH MODERATELY TO SEVERELY ACTIVE ULCERATIVE COLITIS|
mirikizumab|poster|Vienna 2024|MP623|ASSOCIATION OF FAECAL CALPROTECTIN WITH SYMPTOMATIC, ENDOSCOPIC, AND CLINICAL REMISSION IN PATIENTS WITH MODERATELY-TO-SEVERELY ACTIVE ULCERATIVE COLITIS TREATED WITH MIRIKIZUMAB|
mirikizumab|poster|Berlin 2025|MP587|MIRIKIZUMAB LONG-TERM IMPACT ON BOWEL URGENCY IN CROHN’S DISEASE AND ITS ASSOCIATION WITH CLINICAL AND OTHER EFFICACY OUTCOMES: RESULTS FROM THE VIVID-2 OPEN-LABEL EXTENSION STUDY|
mirikizumab|poster|Berlin 2025|PP0510|SUBCUTANEOUS MIRIKIZUMAB MAINTENANCE TREATMENT OVER 40 WEEKS LEADS TO INCREMENTAL IMPROVEMENTS IN RATES OF CLINICAL REMISSION AND ENDOSCOPIC RESPONSE: RESULTS FROM THE PHASE 3 VIVID-1 STUDY|
mirikizumab|poster|Berlin 2025|PP0523|POSITIVE EFFICACY AND SAFETY OF MIRIKIZUMAB AS MAINTENANCE THERAPY IN CHINESE PATIENTS WITH MODERATELY TO SEVERELY ACTIVE ULCERATIVE COLITIS: SUBGROUP RESULTS FROM THE PHASE 3 LUCENT-2 STUDY|
mirikizumab|poster|Berlin 2025|PP0487|EFFICACY AND SAFETY OF MIRIKIZUMAB AS INDUCTION THERAPY FOR CHINESE PATIENTS WITH MODERATELY TO SEVERELY ACTIVE ULCERATIVE COLITIS: A SUBGROUP ANALYSIS OF THE PHASE 3 LUCENT-1 STUDY|
mirikizumab|poster|Vienna 2024|PP0562|IMPACT OF MIRIKIZUMAB ON CLINICALLY MEANINGFUL IMPROVEMENTS IN FATIGUE AS MEASURED BY FACIT-F IN PATIENTS WITH MODERATELY TO SEVERELY ACTIVE CROHN’S DISEASE|
mirikizumab|poster|Vienna 2024|PP0559|MIRIKIZUMAB PHARMACOKINETICS AND EXPOSURE-RESPONSE RELATIONSHIPS IN PATIENTS WITH MODERATELY TO SEVERELY ACTIVE CROHN’S DISEASE IN PHASE 2 AND 3 STUDIES|
mirikizumab|poster|Vienna 2024|MP617|LONG-TERM EFFICACY AND SAFETY OF MIRIKIZUMAB FOLLOWING 152 WEEKS OF CONTINUOUS TREATMENT: RESULTS FROM THE LUCENT-3 OPEN-LABEL EXTENSION STUDY|
mirikizumab|poster|Vienna 2024|PP0655|MIRIKIZUMAB PHARMACOKINETICS AND EXPOSURE-RESPONSE IN PEDIATRIC PATIENTS WITH MODERATELY TO SEVERELY ACTIVE ULCERATIVE COLITIS: RESULTS FROM THE PHASE 2 SHINE-1 STUDY|
mirikizumab|poster|Berlin 2025|MP361|MIRIKIZUMAB SUSTAINS IMPROVEMENT IN FATIGUE, ABDOMINAL PAIN, AND STOOL FREQUENCY FOLLOWING 104 WEEKS OF CONTINUOUS TREATMENT FOR CROHN’S DISEASE: RESULTS FROM THE VIVID-2 OPEN-LABEL EXTENSION STUDY|
mirikizumab|poster|Copenhagen 2023|MP089|EFFICACY AND SAFETY OF MIRIKIZUMAB IN PATIENTS WITH CROHN’S DISEASE: 104-WEEK EXTENSION RESULTS FROM A PHASE 2 RANDOMIZED CONTROLLED TRIAL|
mirikizumab|poster|Berlin 2025|MP722|MIRIKIZUMAB DEMONSTRATES RAPID AND SUSTAINED IMPROVEMENTS IN BOWEL URGENCY MEASURES AND CLINICAL MEASURES IN PATIENTS WITH MODERATELY-TO-SEVERELY ACTIVE ULCERATIVE COLITIS: 28-WEEK RESULTS FROM THE PHASE 3B LUCENT-URGE TRIAL|
mirikizumab|poster|Vienna 2024|MP613|MIRIKIZUMAB IMPROVED BOWEL URGENCY, ABDOMINAL PAIN, AND FATIGUE IN PEDIATRIC PATIENTS WITH MODERATE TO SEVERE ULCERATIVE COLITIS: RESULTS FROM THE PHASE 2 SHINE-1 STUDY|
mirikizumab|poster|Vienna 2024|MP618|EARLY SYMPTOMATIC IMPROVEMENT WITH MIRIKIZUMAB INDUCTION THERAPY IN PATIENTS WITH MODERATELY TO SEVERELY ACTIVE CROHN’S DISEASE: RESULTS FROM THE PHASE 3 VIVID-1 STUDY|
mirikizumab|poster|Vienna 2024|PP0566|EXIT INTERVIEWS EXPLORING PATIENTS’ EXPERIENCE OF CHANGES IN THEIR FATIGUE DURING THE PHASE 3 CLINICAL TRIAL OF MIRIKIZUMAB FOR TREATMENT OF MODERATELY TO SEVERELY ACTIVE CROHN’S DISEASE|
mirikizumab|poster|Vienna 2024|PP0479|A PREDICTIVE MODEL FOR HISTOLOGICAL RESPONSE TO THERAPY GUIDING THERAPEUTIC STRATEGIES IN ULCERATIVE COLITIS: A POST-HOC DATA ANALYSIS FROM A PHASE-II MIRIKIZUMAB CLINICAL TRIAL|
mirikizumab|poster|Copenhagen 2023|PP0860|THE ASSOCIATION OF ENDOSCOPIC AND HISTOLOGIC ENDPOINTS WITH FAECAL CALPROTECTIN AND C-REACTIVE PROTEIN IN PATIENTS WITH MODERATELY TO SEVERELY ACTIVE ULCERATIVE COLITIS TREATED WITH MIRIKIZUMAB|
mirikizumab|poster|Vienna 2024|MP615|THE IMPACT OF MIRIKIZUMAB INDUCTION, MAINTENANCE, AND LONG-TERM TREATMENT ON DISEASE CLEARANCE IN PATIENTS WITH MODERATELY TO SEVERELY ACTIVE ULCERATIVE COLITIS: POST HOC ANALYSIS OF LUCENT TRIALS|
mirikizumab|poster|Copenhagen 2023|MP081|EFFECT OF 104 WEEKS OF MIRIKIZUMAB TREATMENT ON INFLAMMATORY BOWEL DISEASE QUESTIONNAIRE SCORES AMONG PATIENTS WITH MODERATELY TO SEVERELY ACTIVE CROHN’S DISEASE|
mirikizumab|poster|Vienna 2024|PP0560|EFFECTS OF MIRIKIZUMAB VERSUS PLACEBO ON HISTOLOGIC INFLAMMATION EVALUATED BY COMPREHENSIVE ASSESSMENT IN 5 INTESTINAL SEGMENTS IN A RANDOMIZED CONTROLLED PHASE 3 TRIAL OF PARTICIPANTS WITH CROHN’S DISEASE|
mirikizumab|poster|Copenhagen 2023|MP090|PHARMACOKINETICS, EFFICACY AND SAFETY OF MIRIKIZUMAB AS INDUCTION THERAPY IN PAEDIATRIC PATIENTS WITH MODERATELY TO SEVERELY ACTIVE ULCERATIVE COLITIS: RESULTS FROM THE PHASE 2 SHINE-1 STUDY|
mirikizumab|poster|Copenhagen 2023|PP0774|THE ADDITION OF BOWEL URGENCY IMPROVEMENT TO THE ACHIEVEMENT OF CLINICAL RESPONSE OR REMISSION WAS ASSOCIATED WITH BETTER WORK PRODUCTIVITY IN PATIENTS WITH ULCERATIVE COLITIS FROM MIRIKIZUMAB PHASE 3 TRIALS|
mirikizumab|poster|Copenhagen 2023|PP0771|THE ADDITION OF BOWEL URGENCY IMPROVEMENT TO THE ACHIEVEMENT OF CLINICAL RESPONSE AND REMISSION WAS ASSOCIATED WITH BETTER QUALITY OF LIFE IN PATIENTS WITH ULCERATIVE COLITIS FROM MIRIKIZUMAB PHASE 3 TRIALS|
mirikizumab|symposium|Berlin 2025||Paving the way to comprehensive management in CD: Long-term remission with mirikizumab (Eli Lilly and Company) (Complete Session)|
mirikizumab|symposium|Berlin 2025||Driving the evolution of treatment goals in UC management: Long-term remission with mirikizumab (Eli Lilly and Company) (Complete Session)|
mirikizumab|symposium|Vienna 2024||Early & Sustained Control in UC: from trials to clinical practice with mirikizumab (Eli Lilly and Company) (Complete Session)|
mirikizumab|presentation|Copenhagen 2023||EXTENDED INDUCTION RESPONSE IN PATIENTS TREATED WITH MIRIKIZUMAB WITH MODERATELY TO SEVERELY ACTIVE ULCERATIVE COLITIS IN THE LUCENT TRIALS|
mirikizumab|presentation|Copenhagen 2023||ENDOSCOPIC AND HISTOLOGIC REMISSION AFTER 2 YEARS TREATMENT WITH MIRIKIZUMAB IN PATIENTS WITH MODERATELY-TO-SEVERELY ACTIVE ULCERATIVE COLITIS|
mirikizumab|presentation|Vienna 2024||EFFICACY AND SAFETY OF MIRIKIZUMAB THERAPY IN PEDIATRIC PATIENTS WITH MODERATE TO SEVERE ULCERATIVE COLITIS: RESULTS FROM THE PHASE 2 SHINE-1 STUDY|
mirikizumab|presentation|Vienna 2024||EXTENDED INDUCTION RESPONSE OVER TIME IN PATIENTS WITH MODERATELY-TO-SEVERELY ACTIVE ULCERATIVE COLITIS TREATED WITH MIRIKIZUMAB IN THE LUCENT-1 AND -2 TRIALS|
mirikizumab|presentation|Vienna 2024||CORTICOSTEROID-SPARING EFFECT OF MIRIKIZUMAB FOR THE TREATMENT OF MODERATELY-TO-SEVERELY ACTIVE ULCERATIVE COLITIS: EXTENDED INDUCTION SUBGROUP ANALYSIS FROM PHASE 3 TRIAL|
mirikizumab|presentation|Copenhagen 2023||EFFECT OF MIRIKIZUMAB ON CLINICAL AND ENDOSCOPIC OUTCOMES BASED ON PRIOR ADVANCED THERAPY FAILURE IN PATIENTS WITH MODERATELY TO SEVERELY ACTIVE ULCERATIVE COLITIS|
mirikizumab|presentation|Vienna 2024||IMPROVEMENT IN FATIGUE WITH MIRIKIZUMAB THERAPY AND ASSOCIATIONS WITH CLINICAL OUTCOMES IN PATIENTS WITH MODERATELY TO SEVERELY ACTIVE CROHN’S DISEASE: RESULTS FROM THE PHASE 3 VIVID-1 STUDY|
mirikizumab|presentation|Vienna 2024||EFFECTS OF MIRIKIZUMAB AND USTEKINUMAB ON HISTOLOGIC INFLAMMATION EVALUATED BY COMPREHENSIVE ASSESSMENT IN 5 INTESTINAL SEGMENTS IN A RANDOMIZED CONTROLLED PHASE 3 TRIAL OF PARTICIPANTS WITH CROHN’S DISEASE|
mirikizumab|presentation|Copenhagen 2023||TWO-YEAR EFFICACY AND SAFETY OF MIRIKIZUMAB FOLLOWING 104 WEEKS OF CONTINUOUS TREATMENT: INTERIM RESULTS FROM THE LUCENT-3 OPEN-LABEL EXTENSION STUDY|
mirikizumab|presentation|Copenhagen 2023||ASSOCIATION OF HISTOLOGIC-ENDOSCOPIC RESPONSE AND LONG-TERM CLINICAL OUTCOMES: RESULTS FROM PHASE 2 MIRIKIZUMAB TRIAL IN PATIENTS WITH MODERATELY-TO-SEVERELY ACTIVE CROHN’S DISEASE|
upadacitinib|poster|Berlin 2025|CC083|UPADACITINIB FOR REFRACTORY COELIAC DISEASE AND CONCOMITANT MICROSCOPIC COLITIS|
upadacitinib|poster|Berlin 2025|CC132|ACUTE STROKE IN A PATIENT WITH ULCERATIVE COLITIS INITIATED ON UPADACITINIB: A CASE REPORT|
upadacitinib|poster|Berlin 2025|CC126|PERIPHERAL ARTERIAL COMPLICATION ASSOCIATED WITH UPADACITINIB AND SEVERE ULCERATIVE PANCOLITIS: A CASE REPORT|
upadacitinib|poster|Vienna 2024|CC086|UPADACITINIB EFFICACY FOR REFRACTORY ORAL GRANULOMATOSIS IN PANENTERIC CROHN'S DISEASE|
upadacitinib|poster|Berlin 2025|MP562|UPADACITINIB IN THE TREATMENT OF ULCERATIVE COLITIS AFTER LIVER TRANSPLANTATION FOR PRIMARY SCLEROSING CHOLANGITIS - A CASE SERIES|
upadacitinib|poster|Vienna 2024|CC080|UPADACITINIB IN CONCURRENT SEVERE PYODERMA GANGRENOSUM AND CROHN'S DISEASE: A CASE REPORT|
upadacitinib|poster|Berlin 2025|MP312|UPADACITINIB FOR REFRACTORY CROHN’S DISEASE: EFFECTIVENESS AND SAFETY DATA FROM THE UPITA-CROHN MULTICENTER REGISTRY|
upadacitinib|poster|Berlin 2025|MP603|UPITA-COLITIS: REAL-WORLD EFFECTIVENESS OF UPADACITINIB IN ULCERATIVE COLITIS – RESULTS FROM A MULTICENTER ANDALUSIAN REGISTRY|
upadacitinib|poster|Berlin 2025|MP782|EFFECTIVENESS AND SAFETY OF UPADACITINIB IN ULCERATIVE COLITIS IN CLINICAL PRACTICE: RESULTS FROM THE U-REAL-UC STUDY FROM ENEIDA|
upadacitinib|poster|Berlin 2025|MP820|REAL-WORLD EFFECTIVENESS AND SAFETY OF UPADACITINIB IN DIFFICULT-TO-TREAT CROHN’S DISEASE: A MULTICENTER STUDY FROM CHINA|
upadacitinib|poster|Berlin 2025|MP314|QUANTITATIVE HISTOLOGIC FEATURES OF THE INFLAMMATORY MICROENVIRONMENT IN PATIENTS WITH ULCERATIVE COLITIS ASSOCIATE WITH ENDOSCOPIC RESPONSE TO UPADACITINIB AT INDUCTION|
upadacitinib|poster|Berlin 2025|CC131|UPADACITINIB-INDUCED REMISSION OF SEVERE LEUKOCYTOCLASTIC VASCULITIS IN A YOUNG PATIENT WITH VERY EARLY-ONSET CROHN’S DISEASE|
upadacitinib|poster|Berlin 2025|PP0561|EFFECTIVENESS OF UPADACITINIB IN PATIENTS WITH BASELINE ACTIVE EXTRAINTESTINAL MANIFESTATIONS AND INFLAMMATORY BOWEL DISEASE. A MULTICENTER RETROSPECTIVE STUDY|
upadacitinib|poster|Berlin 2025|MP137|COMPARATIVE EFFECTIVENESS OF TOFACITINIB VERSUS UPADACITINIB FOR THE TREATMENT OF ACUTE SEVERE ULCERATIVE COLITIS: RESULTS OF AN INTERNATIONAL MULTICENTER STUDY|
upadacitinib|poster|Vienna 2024|CC074|UPADACITINIB IN ACUTE SEVERE ULCERATIVE COLITIS – WILL THIRD LINE BECOME STANDARD OF CARE?|
upadacitinib|poster|Copenhagen 2023|MP006|RISK FACTORS FOR DEVELOPMENT OF ACNE FOR PATIENTS WITH INFLAMMATORY BOWEL DISEASE TREATED WITH UPADACITINIB|
upadacitinib|poster|Berlin 2025|MP781|REAL-WORLD EFFECTIVENESS AND SAFETY IN UPADACITINIB-TREATED PATIENTS WITH MODERATE-TO-SEVERE ULCERATIVE COLITIS: INTERIM RESULTS FROM THE PROFUNDUS STUDY|
upadacitinib|poster|Berlin 2025|MP604|EFFECTIVENESS AND SAFETY OF UPADACITINIB IN PATIENTS WITH ULCERATIVE COLITIS: PRELIMINARY DATA FROM UPAREAL-UC MULTICENTER, REAL-LIFE, IG-IBD STUDY|
upadacitinib|poster|Copenhagen 2023|MP356|EFFECT OF UPADACITINIB ON EXTRAINTESTINAL MANIFESTATIONS IN PATIENTS WITH MODERATELY TO SEVERELY ACTIVE CROHN’S DISEASE|
upadacitinib|poster|Vienna 2024|MP327|CLINICAL EFFICACY AND SAFETY OF UPADACITINIB IN PATIENTS WITH MODERATELY TO SEVERELY ACTIVE ULCERATIVE COLITIS BY PREVIOUS BIOLOGIC EXPOSURE|
upadacitinib|poster|Copenhagen 2023|CC082|UPADACITINIB IN CONCURRENT SEVERE ATOPIC DERMATITIS, ALOPECIA AREATA AND CROHN’S DISEASE: A CASE REPORT|
upadacitinib|poster|Copenhagen 2023|PP0847|ESTIMATION OF CARDIOVASCULAR RISK IN PATIENTS WITH ULCERATIVE COLITIS ENROLLED IN UPADACITINIB PHASE 3 CLINICAL TRIALS|
upadacitinib|poster|Copenhagen 2023|PP0828|ACHIEVEMENT OF STRINGENT EFFICACY ENDPOINTS IN PATIENTS WITH MODERATELY TO SEVERELY ACTIVE CROHN’S DISEASE TREATED WITH UPADACITINIB|
upadacitinib|poster|Copenhagen 2023|PP0827|EFFICACY OF INDUCTION UPADACITINIB THERAPY IN EAST ASIAN PATIENTS WITH MODERATELY TO SEVERELY ACTIVE CROHN’S DISEASE|
upadacitinib|poster|Berlin 2025|MP859|SHORT AND LONG-TERMS EFFECTIVENESS COMPARISONS BETWEEN TOFACITINIB, FILGOTINIB AND UPADACITINIB IN BIO-EXPOSED PATIENTS WITH ULCERATIVE COLITIS: RESULTS FROM THE JAKARTA REAL-WORLD EVIDENCE MULTICENTER STUDY|
upadacitinib|poster|Vienna 2024|MP328|REAL-WORLD EFFECTIVENESS AND SAFETY OF UPADACITINIB FOR THE TREATMENT OF MODERATE TO SEVERE CROHN’S DISEASE IN A BELGIAN MULTI-CENTRIC REFRACTORY COHORT|
upadacitinib|poster|Berlin 2025|MP136|EFFICACY AND SAFETY OF UPADACITINIB MAINTENANCE TREATMENT IN PATIENTS WITH MODERATELY TO SEVERELY ACTIVE CROHN’S DISEASE: 3-YEAR RESULTS FROM THE U-ENDURE LONG-TERM EXTENSION STUDY|
upadacitinib|poster|Copenhagen 2023|MP049|DURABILITY AND SAFETY OF UPADACITINIB IN CROHN’S DISEASE AND ULCERATIVE COLITIS IN REAL LIFE: PRELIMINARY RESULTS FROM A SPANISH NATIONWIDE STUDY|
upadacitinib|poster|Vienna 2024|MP385|PREDICTING ENDOSCOPIC IMPROVEMENT IN ULCERATIVE COLITIS WITH THE ULCERATIVE COLITIS SEVERITY INDEX: A POST-HOC ANALYSIS OF UPADACITINIB PHASE 3 TRIAL DATA|
upadacitinib|poster|Berlin 2025|PP0507|SUSTAINED IMPROVEMENT IN PATIENT-REPORTED OUTCOMES WITH LONG-TERM UPADACITINIB THERAPY IN PATIENTS WITH MODERATELY TO SEVERELY ACTIVE ULCERATIVE COLITIS: 4-YEAR RESULTS FROM THE U-ACTIVATE LONG-TERM EXTENSION STUDY|
upadacitinib|poster|Copenhagen 2023|PP0858|MATCHING-ADJUSTED INDIRECT COMPARISON OF UPADACITINIB VERSUS USTEKINUMAB ON ENDOSCOPIC OUTCOMES AMONG PATIENTS WITH MODERATELY TO SEVERELY ACTIVE CROHN’S DISEASE|
upadacitinib|poster|Copenhagen 2023|MP005|EFFICACY OF UPADACITINIB ON LUMINAL STENOSIS IN PATIENTS WITH MODERATELY TO SEVERELY ACTIVE CROHN’S DISEASE: A POST HOC ANALYSIS OF PHASE 3 STUDIES|
upadacitinib|poster|Vienna 2024|MP333|EFFECT OF UPADACITINIB ON LIVER ENZYMES IN PATIENTS WITH MODERATELY TO SEVERELY ACTIVE CROHN’S DISEASE OR ULCERATIVE COLITIS: POOLED ANALYSIS OF PHASE 3 INDUCTION AND MAINTENANCE STUDIES|
upadacitinib|poster|Copenhagen 2023|PP0812|EFFICACY OF UPADACITINIB FOR MODERATELY TO SEVERELY ACTIVE CROHN’S DISEASE BY DISEASE DURATION: A POST HOC ANALYSIS OF PHASE 3 INDUCTION AND MAINTENANCE STUDIES|
upadacitinib|poster|Copenhagen 2023|PP0853|ACHIEVEMENT OF LONG-TERM TREATMENT GOALS WITH UPADACITINIB IN PATIENTS WITH MODERATELY TO SEVERELY ACTIVE ULCERATIVE COLITIS: A POST-HOC ANALYSIS OF INDUCTION AND MAINTENANCE PHASE 3 TRIALS|
upadacitinib|poster|Copenhagen 2023|PP0810|COMPARATIVE EFFICACY AND SAFETY OF UPADACITINIB, VEDOLIZUMAB, USTEKINUMAB AND TOFACITINIB AFTER ONE-YEAR MAINTENANCE THERAPY FOR MODERATELY TO SEVERELY ACTIVE ULCERATIVE COLITIS: 3 MATCHING-ADJUSTED INDIRECT COMPARISONS|
upadacitinib|presentation|Copenhagen 2023||RAPID CLINICAL RESPONSE TO UPADACITINIB THERAPY IS ASSOCIATED WITH IMPROVED CLINICAL AND ENDOSCOPIC OUTCOMES IN PATIENTS WITH MODERATE TO SEVERE CROHN’S DISEASE|
upadacitinib|presentation|Vienna 2024||UPADACITINIB IMPROVES CLINICAL, BIOCHEMICAL, AND SONOGRAPHIC PARAMETERS IN A MULTINATIONAL REAL-WORLD COHORT OF PATIENTS WITH ULCERATIVE COLITIS – WEEK 16 RESULTS FROM THE IBD-DACH STUDY EUROPE|
upadacitinib|presentation|Copenhagen 2023||EFFICACY AND SAFETY OF UPADACITINIB MAINTENANCE THERAPY IN PATIENTS WITH MODERATELY TO SEVERELY ACTIVE CROHN’S DISEASE: FINAL RESULTS FROM THE PHASE 3 U-ENDURE STUDY|
upadacitinib|presentation|Copenhagen 2023||MAINTENANCE OF CLINICAL, ENDOSCOPIC, AND BIOMARKER IMPROVEMENTS WITH UPADACITINIB IN PATIENTS WITH MODERATELY TO SEVERELY ACTIVE CROHN’S DISEASE: A POST HOC ANALYSIS OF THE PHASE 3 U-ENDURE STUDY|
upadacitinib|presentation|Vienna 2024||EFFICACY AND SAFETY OF UPADACITINIB AFTER 3 YEARS OF TREATMENT IN PATIENTS WITH MODERATELY TO SEVERELY ACTIVE ULCERATIVE COLITIS: INTERIM LONG-TERM DATA FROM THE PHASE 3 OPEN-LABEL EXTENSION STUDY (U-ACTIVATE)|
upadacitinib|presentation|Vienna 2024||NORMALISATION OF HEALTH-RELATED QUALITY OF LIFE OUTCOMES IN PATIENTS WITH MODERATELY TO SEVERELY ACTIVE ULCERATIVE COLITIS TREATED WITH UPADACITINIB: A POST-HOC ANALYSIS OF PHASE 3 U-ACHIEVE & U-ACCOMPLISH STUDIES|
upadacitinib|presentation|Copenhagen 2023||UPADACITINIB 30 MG TREATMENT RESTORES CLINICAL RESPONSE AFTER LOSS OF RESPONSE IN PATIENTS WITH MODERATELY TO SEVERELY ACTIVE CROHN’S DISEASE: RESULTS FROM THE PHASE 3 U-ENDURE STUDY|
upadacitinib|presentation|Copenhagen 2023||EFFICACY AND SAFETY OF UPADACITINIB AFTER 2 YEARS OF TREATMENT IN PATIENTS WITH MODERATELY TO SEVERELY ACTIVE ULCERATIVE COLITIS: INTERIM RESULTS FROM THE PHASE 3 OPEN-LABEL EXTENSION STUDY (U-ACTIVATE)|
upadacitinib|presentation|Copenhagen 2023||TREATMENT BENEFITS OF UPADACITINIB BASED ON DISEASE SEVERITY, DISEASE DURATION AND NUMBER OF PRIOR BIOLOGICS IN PATIENTS WITH MODERATELY TO SEVERELY ACTIVE ULCERATIVE COLITIS: A POST-HOC ANALYSIS OF PHASE 3 TRIAL DATA|
vedolizumab|poster|Berlin 2025|MP082|TARGETING INFLAMMATION, PRESERVING THE BARRIER: INSIGHTS INTO VEDOLIZUMAB’S EFFECTS ON THE GUT MICROBIOME IN IBD PATIENTS|
vedolizumab|poster|Berlin 2025|MP786|REAL-LIFE COMPARISON OF VEDOLIZUMAB, USTEKINUMAB, AND TOFACITINIB IN ULCERATIVE COLITIS|
vedolizumab|poster|Copenhagen 2023|PP0836|REAL-WORLD STUDY ON VEDOLIZUMAB EFFICACY AND SAFETY AFTER THE TRANSITION FROM INTRAVENOUS TO SUBCUTANEOUS VEDOLIZUMAB IN INFLAMMATORY BOWEL DISEASE PATIENTS|
vedolizumab|poster|Berlin 2025|CC124|VEDOLIZUMAB AND THROMBOTIC EVENTS: A RARE ASSOCIATION WITH RECURRENT PULMONARY EMBOLISM IN CROHN’S DISEASE|
vedolizumab|poster|Berlin 2025|MP780|EFFECTIVENESS OF VEDOLIZUMAB DOSE ESCALATION FOR ULCERATIVE COLITIS IN A LARGE-SCALE, CANADIAN REAL-WORLD COHORT|
vedolizumab|poster|Berlin 2025|MP486|PREVENTION OF POST-OPERATIVE RECURRENCE IN CROHN’S DISEASE: REAL-LIFE EFFICACY OF USTEKINUMAB AND VEDOLIZUMAB|
vedolizumab|poster|Berlin 2025|PP0570|FIVE-YEAR PERSISTENCE OF VEDOLIZUMAB IN CROHN’S DISEASE: A REAL-WORLD MONOCENTRIC RETROSPECTIVE STUDY|
vedolizumab|poster|Berlin 2025|PP0425|LINKED COLOR IMAGING AND HISTOLOGICAL ANALYSIS FOR DEEP REMISSION EVALUATION IN ULCERATIVE COLITIS TREATED WITH VEDOLIZUMAB|
vedolizumab|poster|Berlin 2025|PP0520|HOME-MONITORING OF PATIENTS WITH INFLAMMATORY BOWEL DISEASE ON SUBCUTANEOUS VEDOLIZUMAB – A 2 YEARS OBSERVATIONAL STUDY|
vedolizumab|poster|Berlin 2025|MP865|EFFICACY OF VEDOLIZUMAB AND USTEKINUMAB FOLLOWING CYCLOSPORINE INDUCTION IN ACUTE SEVERE ULCERATIVE COLITIS: A RETROSPECTIVE COHORT STUDY|
vedolizumab|poster|Berlin 2025|MP818|EFFECTIVENESS OF VEDOLIZUMAB DOSE ESCALATION FOR CROHN’S DISEASE IN A LARGE-SCALE, CANADIAN REAL-WORLD COHORT|
vedolizumab|poster|Berlin 2025|CC150|CONTINUOUS VEDOLIZUMAB TREATMENT IN A RELAPSING IMMUNE-RELATED PANCOLITIS IN A PATIENT WITH RENAL CELL CARCINOMA: A CASE REPORT|
vedolizumab|poster|Berlin 2025|PP0567|EARLY RESPONSE TO VEDOLIZUMAB IN PATIENTS WITH CROHN'S DISEASE IN A PROSPECTIVE OBSERVATIONAL STUDY IN CANADA AND US: THE VOICE STUDY|
vedolizumab|poster|Berlin 2025|PP0502|CLINICAL EFFECTIVENESS OF VEDOLIZUMAB IN CHINESE PATIENTS WITH ULCERATIVE COLITIS: FINAL RESULTS FROM THE VALUE, A MULTICENTER PROSPECTIVE STUDY|
vedolizumab|poster|Berlin 2025|PP0578|EFFICACY AND SAFETY OF USTEKINUMAB VERSUS VEDOLIZUMAB IN THE TREATMENT OF ELDERLY INDIVIDUALS WITH CROHN'S DISEASE: SYSTEMATIC REVIEW AND META-ANALYSIS|
vedolizumab|poster|Berlin 2025|PP0580|SAFETY OF USTEKINUMAB VERSUS VEDOLIZUMAB IN THE TREATMENT OF PREGNANCY PATIENTS WITH INFLAMMATORY BOWEL DISEASE: SYSTEMATIC REVIEW AND META-ANALYSIS|
vedolizumab|poster|Berlin 2025|PP0505|THE SAFETY OF VEDOLIZUMAB IN THE MANAGEMENT OF CHINESE PATIENTS WITH INFLAMMATORY BOWEL DISEASE: FINDINGS FROM THE VALUE, MULTICENTER, PROSPECTIVE, OBSERVATIONAL STUDY|
vedolizumab|poster|Copenhagen 2023|PP0777|ANALYSIS OF HISTOLOGICAL FEATURES PREDICTING THE RESPONSE TO VEDOLIZUMAB IN PATIENTS WITH ULCERATIVE COLITIS|
vedolizumab|poster|Berlin 2025|MP816|VEDOLIZUMAB PERSISTENCE IN INFLAMMATORY BOWEL DISEASE PATIENTS AFTER SWITCHING FROM INTRAVENOUS TO SUBCUTANEOUS ADMINISTRATION: THE REAL-LIFE MULTICENTRE DOPER STUDY|
vedolizumab|poster|Berlin 2025|PP0479|SAFETY AND EFFICACY OF ELECTIVE SWITCHING FROM INTRAVENOUS TO SUBCUTANEOUS VEDOLIZUMAB IN IBD PATIENTS IN REMISSION: A SINGLE-CENTER RETROSPECTIVE COHORT STUDY|
vedolizumab|poster|Vienna 2024|PP0584|REAL-WORLD EXPERIENCES OF SWITCHING TO SUBCUTANEOUS FORMULATION IN IBD PATIENTS ON MAINTENANCE VEDOLIZUMAB TREATMENT|
vedolizumab|poster|Copenhagen 2023|PP0500|PREDICTIVE TRANSCRIPTIONAL SIGNATURES ASSOCIATED TO VEDOLIZUMAB THERAPY RESPONSE IN PATIENTS WITH ULCERATIVE COLITIS|
vedolizumab|poster|Vienna 2024|PP0611|LOW RATES OF TRANSITION FROM SUBCUTANEOUS TO INTRAVENOUS FORMULATION IN PATIENTS WITH INFLAMMATORY BOWEL DISEASES TREATED WITH VEDOLIZUMAB|
vedolizumab|poster|Berlin 2025|MP866|COMPARATIVE EFFICACY OF INFLIXIMAB AND VEDOLIZUMAB AFTER FAILURE OF A FIRST ANTI-TNF IN PATIENTS WITH ULCERATIVE COLITIS: A DOUBLE-BLIND RANDOMIZED CONTROLLED TRIAL (EFFICACI)|
vedolizumab|poster|Copenhagen 2023|MP201|SEROLOGIC RESPONSE TO VACCINATION IN CHILDREN EXPOSED TO VEDOLIZUMAB OR USTEKINUMAB IN UTERO DUE TO MATERNAL IBD|
vedolizumab|poster|Vienna 2024|MP628|PROGNOSTIC VALUE OF THE VEDOLIZUMAB CROHN’S DISEASE CLINICAL DECISION SUPPORT TOOL IN A REAL-WORLD COHORT|
vedolizumab|poster|Berlin 2025|MP855|PARTIAL RESPONSE FOLLOWING INDUCTION OF REMISSION WITH INTRAVENOUS VEDOLIZUMAB (PRIVEDO): EARLY OPTIMIZATION OR SWITCH TO SUBCUTANEOUS FORMULATION? A SN-IBD PROSPECTIVE OBSERVATIONAL STUDY|
vedolizumab|poster|Vienna 2024|MP331|TOFACITINIB VERSUS VEDOLIZUMAB IN ULCERATIVE COLITIS WITH PRIOR ANTI-TNF FAILURE: A SYSTEMATIC REVIEW AND META-ANALYSIS|
vedolizumab|poster|Vienna 2024|PP0404|INTERLEUKIN-8 AS A POSSIBLE PREDICTIVE MARKER OF LONG-TERM RESPONSE IN ULCERATIVE COLITIS PATIENTS TREATED WITH VEDOLIZUMAB|
vedolizumab|poster|Vienna 2024|PP0406|THE EFFECT OF VEDOLIZUMAB ON THE LEVEL OF ADHESIVE MOLECULES ICAM-1, ICAM-2, SL-SELECTIN IN ULCERATIVE COLITIS|
vedolizumab|poster|Vienna 2024|CC092|VEDOLIZUMAB EFFICACY AND SAFETY IN CHRONIC GASTROINTESTINAL GRAFT VERSUS HOST DISEASE FOLLOWING ORTHOTOPIC LIVER TRANSPLANTATION|
vedolizumab|poster|Vienna 2024|PP0449|EARLY VEDOLIZUMAB DRUG LEVELS PREDICT ENDOSCOPIC IMPROVEMENT IN BIOLOGICAL-NAIVE PATIENTS: A SINGLE-CENTER EXPERIENCE|
vedolizumab|poster|Copenhagen 2023|MP428|COMPREHENSIVE CHARACTERIZATION OF THE EXPOSURE-RESPONSE RELATIONSHIP OF VEDOLIZUMAB IN ULCERATIVE COLITIS: RESULTS FROM THE LOVE-UC STUDY|
vedolizumab|poster|Copenhagen 2023|PP0864|LONG-TERM VEDOLIZUMAB PERSISTENCE IN ULCERATIVE COLITIS: THE EDINBURGH IBD UNIT EXPERIENCE 2014-2022|
vedolizumab|poster|Copenhagen 2023|PP0778|OUTCOMES OF VEDOLIZUMAB DOSE INTENSIFICATION: RESULTS FROM AN ASIAN INFLAMMATORY BOWEL DISEASE (IBD) COHORT STUDY|
vedolizumab|poster|Vienna 2024|PP0608|RELATIONSHIP BETWEEN INDUCTION SERUM VEDOLIZUMAB CONCENTRATION AND LONG-TERM IBD OUTCOMES : A PROSPECTIVE, MULTICENTRIC, COHORT STUDY (VEDOPREDIRESP)|
vedolizumab|poster|Vienna 2024|PP0579|TOFACITINIB VERSUS VEDOLIZUMAB AMONG BIO-NAÏVE PATIENTS WITH ULCERATIVE COLITIS: A REAL-WORLD PROPENSITY-WEIGHTED COMPARISON|
vedolizumab|poster|Copenhagen 2023|PP0857|SAFETY OF VEDOLIZUMAB, USTEKINUMAB AND TNF INHIBITORS IN PATIENTS WITH INFLAMMATORY BOWEL DISEASE: A RETROSPECTIVE MONOCENTRIC COHORT STUDY|
vedolizumab|poster|Copenhagen 2023|PP0618|INCIDENCE AND EVOLUTION OF INFLAMMATORY JOINT PATHOLOGY ASSOCIATED WITH INFLAMMATORY BOWEL DISEASE IN PATIENTS ON VEDOLIZUMAB/USTEKINUMAB TREATMENT|
vedolizumab|poster|Vienna 2024|MP679|VEDOLIZUMAB VERSUS USTEKINUMAB IN CROHN’S DISEASE WITH PRIOR ANTI-TNF FAILURE: A SYSTEMATIC REVIEW AND UPDATE META-ANALYSIS|
vedolizumab|poster|Vienna 2024|PP0639|EFFECTIVENESS AND SAFETY OUTCOMES BEYOND FIVE YEARS OF IBD PATIENTS TREATED WITH VEDOLIZUMAB. THE LONG-LIVE IG-IBD STUDY|
vedolizumab|poster|Vienna 2024|MP156|EFFICACY OF SECOND-LINE TREATMENTS FOLLOWING FIRST-LINE VEDOLIZUMAB TREATMENT IN ULCERATIVE COLITIS: A RETROSPECTIVE MULTICENTER STUDY OF GETAID|
vedolizumab|poster|Vienna 2024|PP0642|A RETROSPECTIVE COHORT STUDY TO DEMONSTRATE MAINTENANCE OF REMISSION RATES FOR SUBCUTANEOUS COMPARED TO INTRAVENOUS VEDOLIZUMAB IN THE TREATMENT OF INFLAMMATORY BOWEL DISEASE|
vedolizumab|poster|Vienna 2024|PP0393|OCTN1 VARIANTS SHAPE INNATE IMMUNITY AND PREDICT INDIVIDUAL RESPONSE TO VEDOLIZUMAB IN ULCERATIVE COLITIS PATIENTS: AN EXPLORATORY STUDY|
vedolizumab|poster|Vienna 2024|PP0556|TARGET ACHIEVEMENT AFTER 32 WEEKS OF VEDOLIZUMAB TREATMENT IN PATIENTS WITH MODERATE TO SEVERE ULCERATIVE COLITIS: AN INTERIM ANALYSIS FROM THE VERDICT TRIAL|
vedolizumab|poster|Berlin 2025|MP256|RESIDUAL TYK2 SIGNALING IS ASSOCIATED WITH NON-RESPONSE TO VEDOLIZUMAB AND SYSTEMIC TNF INHIBITORS AMONG PATIENTS WITH ULCERATIVE COLITIS: POST HOC ANALYSES OF MUCOSAL TRANSCRIPTOME DATA|
vedolizumab|poster|Berlin 2025|MP259|COMPLETE DISEASE CLEARANCE AS A NOVEL COMPOSITE ENDPOINT TO PREDICT LONG-TERM RELAPSE IN VEDOLIZUMAB-TREATED PATIENTS WITH ULCERATIVE COLITIS: A POST-HOC ANALYSIS FROM THE VIEWS RANDOMISED CONTROLLED TRIAL|
vedolizumab|poster|Copenhagen 2023|PP0800|TRANSITION FROM INTRAVENOUS TO SUBCUTANEOUS INFLIXIMAB AND VEDOLIZUMAB: ADHERENCE, SATISFACTION AND SAFETY PROFILE IN A COHORT OF PATIENTS WITH INFLAMMATORY BOWEL DISEASE|
vedolizumab|poster|Copenhagen 2023|PP0841|ANTI-TNF AGENTS AND VEDOLIZUMAB HAVE SIMILAR SAFETY AS FIRST-LINE BIOLOGIC TREATMENT OF ELDERLY PATIENTS WITH ULCERATIVE COLITIS|
vedolizumab|poster|Copenhagen 2023|CC078|SUCCESSFUL TREATMENT OF ACUTE SEVERE ULCERATIVE COLITIS WITH STEROID SPARING REGIMEN: CONCURRENT INDUCTION WITH VEDOLIZUMAB, CYCLOSPORINE AND AZATHIOPRINE|
vedolizumab|poster|Berlin 2025|PP0486|REAL-WORLD TREATMENT PATTERNS IN PATIENTS WITH INFLAMMATORY BOWEL DISEASE RECEIVING INTRAVENOUS AND SUBCUTANEOUS MAINTENANCE VEDOLIZUMAB TREATMENT IN POLAND – RESULTS FROM A 1-YEAR PROSPECTIVE OBSERVATIONAL STUDY (VARIETY-POLAND)|
vedolizumab|poster|Vienna 2024|MP154|EFFECTIVENESS OF INTRAVENOUS VEDOLIZUMAB INDUCTION AND DOSE ESCALATION IN ULCERATIVE COLITIS AND CROHN’S DISEASE; A LARGE-SCALE, CANADIAN REAL-WORLD COHORT.|
vedolizumab|poster|Copenhagen 2023|CC084|VEDOLIZUMAB AS RESCUE THERAPY FOR ACUTE SEVERE ULCERATIVE COLITIS INDUCED BY SECOND-LINE CHEMOTHERAPY FOR RECURRENCE OF PLEOMORPHIC LUNG CARCINOMA|
vedolizumab|poster|Copenhagen 2023|PP0822|REAL-WORLD DATA IN INFLAMMATORY BOWEL DISEASES ON VEDOLIZUMAB THERAPY: INTERIM ANALYSIS OF THE NON-INTERVENTIONAL LISTEN II STUDY|
vedolizumab|poster|Copenhagen 2023|PP0870|DATA IN A TERTIARY HOSPITAL ON SWITCHING FROM AN INTENSIFIED AND NON INTENSIFIED REGIMEN OF INTRAVENOUS VEDOLIZUMAB TO A SUBCUTANEOUS IN ADULTS WITH INFLAMMATORY BOWEL DISEASE|
vedolizumab|poster|Copenhagen 2023|MP041|REAL-WORLD COMPARISON OF EFFECTIVENESS BETWEEN USTEKINUMAB AND VEDOLIZUMAB IN PATIENTS WITH ULCERATIVE COLITIS EXPOSED TO AT LEAST ONE ANTI-TNF AGENT|
vedolizumab|poster|Berlin 2025|MP860|IMMUNOMODULATOR COMBINATION THERAPY IMPROVES PERSISTENCE OF ANTI-TUMOUR NECROSIS FACTOR AGENTS BUT NOT VEDOLIZUMAB OR USTEKINUMAB IN INFLAMMATORY BOWEL DISEASE, WITH IMPROVED PERSISTENCE SEEN WITH LONGER DURATION OF INITIAL COMBINATION THERAPY BEFORE DE-E|
vedolizumab|poster|Copenhagen 2023|PP0881|UTILITY OF VEDOLIZUMAB CLINICAL DECISION SUPPORT TOOL IN PREDICTION OF BIO-NAIVE CROHN'S DISEASE PATIENTS OUTCOMES TREATED WITH ADALIMUMAB OR USTEKINUMAB|
vedolizumab|poster|Copenhagen 2023|PP0856|THE COMPARATIVE EFFECTIVENESS OF VEDOLIZUMAB IN BIO-NAÏVE AND BIO-EXPERIENCED PATIENTS WITH IBD: RESULTS FROM A REAL-WORLD EXPERIENCE AT A BELGIAN TERTIARY CENTRE|
vedolizumab|poster|Copenhagen 2023|PP0854|THE COMPARATIVE EFFECTIVENESS OF VEDOLIZUMAB AND TNF INHIBITORS IN BIO-NAÏVE PATIENTS WITH IBD: RESULTS FROM A REAL-WORLD EXPERIENCE AT A BELGIAN TERTIARY CENTRE|
vedolizumab|poster|Copenhagen 2023|PP0666|USTEKINUMAB AND VEDOLIZUMAB AS FIRST-LINE BIOLOGICAL THERAPY FOR INFLAMMATORY BOWEL DISEASE IN CLINICAL PRACTICE. A MULTICENTER STUDY BASED ON THE ENEIDA REGISTRY|
vedolizumab|poster|Copenhagen 2023|MP125|ORGANIC CATION TRANSPORTER (OCTN)-1 VARIANTS SHAPE INNATE IMMUNITY AND PREDICT INDIVIDUAL RESPONSE TO VEDOLIZUMAB IN ULCERATIVE COLITIS PATIENTS|
vedolizumab|poster|Copenhagen 2023|MP079|EXTERNAL VALIDATION OF A NOVEL EXPLAINABLE AI-DERIVED WEB TOOL FOR PREDICTING DRUG SUSTAINABILITY OF INFLIXIMAB AND VEDOLIZUMAB IN MODERATE-TO-SEVERE ULCERATIVE COLITIS|
vedolizumab|poster|Copenhagen 2023|PP0872|TREATMENT DISCONTINUATION DUE TO LACK OF EFFICACY DURING MAINTENANCE TREATMENT WITH INFLIXIMAB OR VEDOLIZUMAB IN PATIENTS WITH CROHN’S DISEASE: A COMPARATIVE ANALYSIS OF RANDOMIZED CONTROLLED TRIALS|
vedolizumab|poster|Copenhagen 2023|PP0902|EFFECTIVENESS AND SAFETY OF SWITCHING FROM INTRAVENOUS TO SUBCUTANEOUS VEDOLIZUMAB FORMULATION IN INFLAMMATORY BOWEL DISEASE PATIENTS IN CLINICAL REMISSION: A SINGLE CENTRE REAL WORLD EXPERIENCE|
vedolizumab|poster|Copenhagen 2023|MP360|LONG-TERM, REAL-WORLD TREATMENT PERSISTENCE AND MUCOSAL HEALING RATES WITH VEDOLIZUMAB IN PATIENTS WITH CROHN’S DISEASE: SYSTEMATIC LITERATURE REVIEW AND META-ANALYSIS|
vedolizumab|poster|Vienna 2024|PP0542|LONG-TERM, REAL-WORLD TREATMENT PERSISTENCE, MUCOSAL HEALING AND CORTICOSTEROID-FREE CLINICAL REMISSION RATES WITH VEDOLIZUMAB IN PATIENTS WITH ULCERATIVE COLITIS: SYSTEMATIC LITERATURE REVIEW AND META-ANALYSIS|
vedolizumab|poster|Vienna 2024|PP0629|REAL-LIFE EFFECTIVENESS AND SAFETY OF TOFACITINIB AND VEDOLIZUMAB AS A SECOND-LINE THERAPY IN ANTI-TNFS EXPERIENCED ULCERATIVE COLITIS PATIENTS: PRELIMINARY RESULTS OF AN IGIBD STUDY (VE2TO-UC)|
vedolizumab|poster|Vienna 2024|PP0555|COMPARISON OF REAL-WORLD TREATMENT PERSISTENCE AND SAFETY OF VEDOLIZUMAB AND ANTI-TUMOUR NECROSIS FACTOR-ALPHA TREATMENT IN BIOLOGIC-NAIVE PATIENTS WITH ULCERATIVE COLITIS: SYSTEMATIC LITERATURE REVIEW AND META-ANALYSIS|
vedolizumab|poster|Copenhagen 2023|PP0889|CORTICOSTEROID-FREE REMISSION IN ANTI-TNF FAILED CROHN’S DISEASE PATIENTS TREATED WITH VEDOLIZUMAB AS SECOND-LINE BIOLOGIC THERAPY: A REAL WORLD DATA REVIEW|
vedolizumab|poster|Copenhagen 2023|PP0810|COMPARATIVE EFFICACY AND SAFETY OF UPADACITINIB, VEDOLIZUMAB, USTEKINUMAB AND TOFACITINIB AFTER ONE-YEAR MAINTENANCE THERAPY FOR MODERATELY TO SEVERELY ACTIVE ULCERATIVE COLITIS: 3 MATCHING-ADJUSTED INDIRECT COMPARISONS|
vedolizumab|poster|Copenhagen 2023|PP0801|EFFECTIVENESS AND SAFETY OUTCOMES AFTER LONG-TERM (54 WEEKS) VEDOLIZUMAB THERAPY FOR CROHN'S DISEASE: A PROSPECTIVE, REAL-WORLD OBSERVATIONAL STUDY INCLUDING PATIENT-REPORTED OUTCOMES (POLONEZ II)|
vedolizumab|poster|Vienna 2024|PP0651|ROUTINE CARE DATA ANALYZED USING EXPLAINABLE ARTIFICIAL INTELLIGENCE IDENTIFY BEST THERAPEUTIC SEQUENCE OF 2ND LINE BIOLOGIC TREATMENTS AFTER A 1ST LINE WITH ANTI-TNF OR VEDOLIZUMAB IN INFLAMMATORY BOWEL DISEASE|
vedolizumab|poster|Copenhagen 2023|PP0843|COMPARISON OF REAL-WORLD TREATMENT PERSISTENCE AND SAFETY OF VEDOLIZUMAB AND ANTI-TUMOR NECROSIS FACTOR-ALPHA TREATMENT IN BIOLOGIC-NAÏVE PATIENTS WITH CROHN’S DISEASE: SYSTEMATIC LITERATURE REVIEW AND META-ANALYSIS|
vedolizumab|presentation|Berlin 2025||TRANSMURAL HEALING IN CROHN’S DISEASE: REAL-WORLD INSIGHTS FROM THE SUNRISE STUDY ON VEDOLIZUMAB USING INTESTINAL ULTRASONOGRAPHY|
vedolizumab|presentation|Berlin 2025||UP-FRONT VEDOLIZUMAB VERSUS CONVENTIONAL TREATMENT FOR CHECKPOINT INHIBITOR INDUCED COLITIS – VEICO: AN OPEN LABEL RANDOMIZED CLINICAL TRIAL|
vedolizumab|presentation|Vienna 2024||LARGE SCALE CLINICAL TRANSCRIPTOMICS ELUCIDATES MOLECULAR PREDICTORS AND CELLULAR DYNAMICS OF VEDOLIZUMAB RESPONSE|
vedolizumab|presentation|Copenhagen 2023||TRANSITION FROM INTRAVENOUS TO SUBCUTANEOUS INFLIXIMAB VERSUS VEDOLIZUMAB TREATMENT: A PROSPECTIVE MULTICENTER STUDY|
vedolizumab|presentation|Copenhagen 2023||VEDOLIZUMAB LONG-TERM TREATMENT PERSISTENCE AND SAFETY – RESULTS FROM A MULTINATIONAL EXTENDED ACCESS PROGRAMME STUDY|
vedolizumab|presentation|Vienna 2024||VEDOLIZUMAB TREATMENT IS MORE EFFECTIVE AND SAFER IN EARLY VERSUS LATE CROHN’S DISEASE: FINAL RESULTS OF THE LOVE-CD TRIAL|
vedolizumab|presentation|Vienna 2024||RISANKIZUMAB, BUT NOT USTEKINUMAB OR VEDOLIZUMAB, DOWNREGULATES IL-23-INDUCED MUCOSAL PATHOGENIC TH17 CELLS IN PATIENTS WITH CROHN’S DISEASE|
vedolizumab|presentation|Copenhagen 2023||HIGH-DIMENSIONAL SINGLE-CELL ANALYSIS IDENTIFIES CELLULAR SIGNATURES ASSOCIATED WITH RESPONSE TO VEDOLIZUMAB THERAPY IN ULCERATIVE COLITIS|
vedolizumab|presentation|Copenhagen 2023||FLUORESCENTLY LABELLED VEDOLIZUMAB VISUALIZES LOCAL DRUG DISTRIBUTION DURING COLONOSCOPY AND IDENTIFIES MUCOSAL TARGET CELLS IN PATIENTS WITH INFLAMMATORY BOWEL DISEASE|
vedolizumab|presentation|Copenhagen 2023||SWITCHING FROM INTRAVENOUS TO SUBCUTANEOUS INFLIXIMAB AND VEDOLIZUMAB IN PATIENTS WITH INFLAMMATORY BOWEL DISEASE RESULTS IN HIGHER TROUGH LEVELS, AND REDUCES DAY HOSPITAL VISITS AND MEDICAL EXPENSES|
vedolizumab|presentation|Copenhagen 2023||SWITCHING FROM INTRAVENOUS TO SUBCUTANEOUS INFLIXIMAB AND VEDOLIZUMAB IN IBD IN CLINICAL REMISSION IS ASSOCIATED WITH A LOWER RATE OF DRUG DISCONTINUATION, DRUG OPTIMIZATION, AND REVERSE-SWITCH: AN INTERNATIONAL MULTICENTER STUDY|
ustekinumab|poster|Berlin 2025|CC138|USTEKINUMAB AS A TREATMENT FOR SEVERE NIVOLUMAB-IMMUNE-MEDIATED COLITIS|
ustekinumab|poster|Berlin 2025|MP786|REAL-LIFE COMPARISON OF VEDOLIZUMAB, USTEKINUMAB, AND TOFACITINIB IN ULCERATIVE COLITIS|
ustekinumab|poster|Berlin 2025|CC140|THE PUZZLE OF REFRACTORY PYODERMA GANGRENOSUM: USTEKINUMAB AS THE MISSING PIECE IN ULCERATIVE COLITIS|
ustekinumab|poster|Berlin 2025|PP0506|LONG-TERM PERSISTENCE OF USTEKINUMAB TREATMENT IN PATIENTS WITH MODERATE-TO-SEVERE CROHN'S DISEASE|
ustekinumab|poster|Berlin 2025|PP0494|RAPID ONSET OF ACTION OF USTEKINUMAB IN PATIENTS WITH MODERATE TO SEVERE ULCERATIVE COLITIS (RAUCU STUDY)|
ustekinumab|poster|Berlin 2025|MP585|ENHANCING IBD TREATMENT: SUPERIOR MULTISPECIFIC TARGETING OF IL-12/IL-23 BEYOND USTEKINUMAB|
ustekinumab|poster|Berlin 2025|MP486|PREVENTION OF POST-OPERATIVE RECURRENCE IN CROHN’S DISEASE: REAL-LIFE EFFICACY OF USTEKINUMAB AND VEDOLIZUMAB|
ustekinumab|poster|Berlin 2025|MP865|EFFICACY OF VEDOLIZUMAB AND USTEKINUMAB FOLLOWING CYCLOSPORINE INDUCTION IN ACUTE SEVERE ULCERATIVE COLITIS: A RETROSPECTIVE COHORT STUDY|
ustekinumab|poster|Copenhagen 2023|PP0896|STUDY OF ACTIVE SWITCHING FROM TOFACITINIB TO USTEKINUMAB IN PATIENTS WITH ULCERATIVE COLITIS|
ustekinumab|poster|Berlin 2025|PP0563|COMPARISON OF MIRIKIZUMAB VS. USTEKINUMAB EFFICACY FOR INDUCTION OF REMISSION IN ULCERATIVE COLITIS – A 1:2 MATCHED ANALYSIS|
ustekinumab|poster|Vienna 2024|PP1185|THE ECONOMIC IMPACT OF USTEKINUMAB IN THE TREATMENT OF INFLAMMATORY BOWEL DISEASE: A TARGETED LITERATURE REVIEW|
ustekinumab|poster|Berlin 2025|PP0578|EFFICACY AND SAFETY OF USTEKINUMAB VERSUS VEDOLIZUMAB IN THE TREATMENT OF ELDERLY INDIVIDUALS WITH CROHN'S DISEASE: SYSTEMATIC REVIEW AND META-ANALYSIS|
ustekinumab|poster|Berlin 2025|PP0580|SAFETY OF USTEKINUMAB VERSUS VEDOLIZUMAB IN THE TREATMENT OF PREGNANCY PATIENTS WITH INFLAMMATORY BOWEL DISEASE: SYSTEMATIC REVIEW AND META-ANALYSIS|
ustekinumab|poster|Berlin 2025|PP0568|USTEKINUMAB TROUGH LEVELS ARE NOT ASSOCIATED WITH CLINICAL OUTCOMES IN CROHN’S DISEASE: PK-PD RESULTS OF THE RESCUE STUDY|
ustekinumab|poster|Vienna 2024|MP673|ANALYSIS OF THE EFFICACY OF INTRAVENOUS USTEKINUMAB MAINTENANCE TREATMENT IN PATIENTS WITH REFRACTORY INFLAMMATORY BOWEL DISEASE|
ustekinumab|poster|Vienna 2024|PP0615|WHAT FACTORS ARE ASSOCIATED WITH THE NEED FOR DOSE OPTIMISATION OF USTEKINUMAB IN PATIENTS WITH INFLAMMATORY BOWEL DISEASE (IBD)?|
ustekinumab|poster|Vienna 2024|CC088|TO THE RESCUE: RE-INDUCTION WITH INTRAVENOUS USTEKINUMAB RECAPTURES RESPONSE IN A PATIENT WITH REFRACTORY ULCERATIVE COLITIS|
ustekinumab|poster|Copenhagen 2023|MP323|PHARMACOKINETICS, EXPOSURE–RESPONSE RELATIONSHIPS, AND IMMUNOGENICITY IN CROHN’S DISEASE PATIENTS WITH USTEKINUMAB SECONDARY LOSS OF RESPONSE FOLLOWING USTEKINUMAB IV RE-INDUCTION: RESULTS FROM THE WEEK 16 ANALYSIS OF THE POWER STUDY|
ustekinumab|poster|Vienna 2024|MP674|SHORT AND LONG-TERM EFFECTIVENESS AND SAFETY OF USTEKINUMAB IN ULCERATIVE COLITIS IN REAL LIFE: THE ULISES STUDY|
ustekinumab|poster|Vienna 2024|PP0618|SERUM IMMUNE PROTEIN PROFILING AT BASELINE IN CROHN’S DISEASE PREDICTS ENDOSCOPIC RESPONSE TO USTEKINUMAB|
ustekinumab|poster|Vienna 2024|PP0656|EFFICACY OF USTEKINUMAB IN THE TREATMENT OF POST-OPERATIVE RECURRENCE IN A REAL LIFE COHORT OF PATIENTS WITH CROHN'S DISEASE|
ustekinumab|poster|Vienna 2024|PP0654|EFFICACY OF USTEKINUMAB IN PREVENTING POST-OPERATIVE RECURRENCE IN A REAL LIFE COHORT OF PATIENTS WITH CROHN'S DISEASE|
ustekinumab|poster|Copenhagen 2023|CC186|INTRAVENOUS TROUGH LEVEL GUIDED DOSE INTENSIFICATION OF USTEKINUMAB FOR REFRACTORY SEVERE PYODERMA GANGRENOSUM|
ustekinumab|poster|Copenhagen 2023|MP201|SEROLOGIC RESPONSE TO VACCINATION IN CHILDREN EXPOSED TO VEDOLIZUMAB OR USTEKINUMAB IN UTERO DUE TO MATERNAL IBD|
ustekinumab|poster|Copenhagen 2023|PP0799|PRELIMINARY DATA ON THE EFFICACY OF USTEKINUMAB IN PATIENTS WITH ULCERATIVE COLITIS IN A 'REAL-WORLD' CLINICAL SETTING|
ustekinumab|poster|Copenhagen 2023|PP0886|REINDUCTION AND INTENSIFICATION STRATEGY WITH USTEKINUMAB IN IBD PATIENTS, A SINGLE CENTER REAL LIFE EXPERIENCE|
ustekinumab|poster|Copenhagen 2023|PP0910|MANAGEMENT OF METASTATIC CUTANEOUS CROHN´S DISEASE USING USTEKINUMAB: A SINGLE CENTRE STUDY|
ustekinumab|poster|Copenhagen 2023|PP0820|LONG TERM PERSISTENCE OF USTEKINUMAB IN CROHN’S DISEASE: CLINICAL OUTCOMES AND PROGNOSTIC FACTORS|
ustekinumab|poster|Berlin 2025|MP532|ENDOSCOPIC PATIENT CLUSTERING TO INVESTIGATE DIFFERENTIAL TREATMENT EFFECTS OF GUSELKUMAB AND USTEKINUMAB IN CROHN’S DISEASE: POST-HOC ANALYSIS OF GALAXI AND GRAVITI TRIALS|
ustekinumab|poster|Copenhagen 2023|PP0805|LONG-TERM EXPERIENCE WITH USTEKINUMAB IN ULCERATIVE COLITIS PATIENTS: A REAL LIFE MULTICENTRE SPANISH COHORT|
ustekinumab|poster|Copenhagen 2023|PP0803|IN PATIENTS WITH CROHN'S DISEASE MONITORING OF USTEKINUMAB LEVELS DURING INDUCTION CAN IDENTIFY EARLY INADEQUATE RESPONSE|
ustekinumab|poster|Berlin 2025|MP759|PREDICTION OF 8 WEEK ENDOSCOPIC HEALING IN ULCERATIVE COLITIS SUBJECTS FROM THE USTEKINUMAB UNIFI TRIAL USING ARTIFICIAL INTELLIGENCE (AI) ANALYSIS OF BASELINE COLONOSCOPY VIDEOS|
ustekinumab|poster|Vienna 2024|PP0625|USTEKINUMAB PROMOTES RADIOLOGICAL FISTULA HEALING IN PERIANAL FISTULIZING CROHN’S DISEASE:RETROSPECTIVE REAL-WORLD ANALYSIS|
ustekinumab|poster|Copenhagen 2023|PP0795|ASSOCIATION BETWEEN EFFICACY AND LONG-TERM OUTCOMES: FOUR YEAR RESULTS FROM THE UNIFI STUDY OF USTEKINUMAB IN ULCERATIVE COLITIS|
ustekinumab|poster|Copenhagen 2023|PP0857|SAFETY OF VEDOLIZUMAB, USTEKINUMAB AND TNF INHIBITORS IN PATIENTS WITH INFLAMMATORY BOWEL DISEASE: A RETROSPECTIVE MONOCENTRIC COHORT STUDY|
ustekinumab|poster|Copenhagen 2023|PP0850|SERUM PROTEIN PROFILES DIFFER WITH USTEKINUMAB AND ADALIMUMAB TREATMENT IN MODERATELY TO SEVERELY ACTIVE CROHN’S DISEASE|
ustekinumab|poster|Copenhagen 2023|PP0618|INCIDENCE AND EVOLUTION OF INFLAMMATORY JOINT PATHOLOGY ASSOCIATED WITH INFLAMMATORY BOWEL DISEASE IN PATIENTS ON VEDOLIZUMAB/USTEKINUMAB TREATMENT|
ustekinumab|poster|Vienna 2024|MP679|VEDOLIZUMAB VERSUS USTEKINUMAB IN CROHN’S DISEASE WITH PRIOR ANTI-TNF FAILURE: A SYSTEMATIC REVIEW AND UPDATE META-ANALYSIS|
ustekinumab|poster|Vienna 2024|PP0546|EFFECTIVENESS OF USTEKINUMAB FOR PATIENTS WITH MODERATE TO SEVERE ULCERATIVE COLITIS: A MULTI-CENTER REAL-WORLD CANADIAN STUDY (IMPACT STUDY)|
ustekinumab|poster|Copenhagen 2023|PP0815|IS USTEKINUMAB EFFECTIVE IN CROHN'S DISEASE PATIENTS WITH PARADOXICAL SKIN REACTIONS CAUSED BY TUMOR NECROSIS FACTOR-ALPHA INHIBITORS?|
ustekinumab|poster|Copenhagen 2023|PP0906|USTEKINUMAB TREATMENT IN CROHN’S DISEASE AND ULCERATIVE COLITIS: A REAL-WORLD COMPARISON BETWEEN ITS EFFECTIVENESS AND SAFETY IN THIS TWO POPULATIONS|
ustekinumab|poster|Copenhagen 2023|CC088|IDHIOPATIC PANENTERITIS AFTER COLECTOMY FOR ULCERATIVE COLITIS: REPORT OF THE FIRST STEROID-REFRACTORY CASE TREATED WITH USTEKINUMAB AND LITERATURE REVIEW|
ustekinumab|poster|Copenhagen 2023|MP050|IMPACT OF USTEKINUMAB ON EXTRAINTESTINAL MANIFESTATIONS AND IMMUNOMEDIATED DISEASES IN A COHORT OF PATIENTS WITH ULCERATIVE COLITIS IN REAL LIFE: THE ULISES STUDY|
ustekinumab|poster|Vienna 2024|MP676|PERSISTENCE TO USTEKINUMAB IN PATIENTS WITH CROHN’S DISEASE TREATED IN REAL-LIFE CARE SETTING IN GREECE: FINAL RESULTS FROM THE PROSPECTIVE ‘REASSURE’ STUDY|
ustekinumab|poster|Vienna 2024|PP0568|PATIENT-REPORTED OUTCOMES WITH USTEKINUMAB FOR CROHN’S DISEASE IN REAL-LIFE CLINICAL PRACTICE IN GREECE: FINAL RESULTS FROM THE PROSPECTIVE ‘REASSURE’ STUDY|
ustekinumab|poster|Copenhagen 2023|MP041|REAL-WORLD COMPARISON OF EFFECTIVENESS BETWEEN USTEKINUMAB AND VEDOLIZUMAB IN PATIENTS WITH ULCERATIVE COLITIS EXPOSED TO AT LEAST ONE ANTI-TNF AGENT|
ustekinumab|poster|Vienna 2024|PP0589|EFFICACY OF RISANKIZUMAB VERSUS USTEKINUMAB BY DURATION OF DISEASE IN PATIENTS WITH MODERATE TO SEVERE CROHN’S DISEASE: A POSTHOC ANALYSIS FROM THE PHASE 3 SEQUENCE STUDY|
ustekinumab|poster|Berlin 2025|MP860|IMMUNOMODULATOR COMBINATION THERAPY IMPROVES PERSISTENCE OF ANTI-TUMOUR NECROSIS FACTOR AGENTS BUT NOT VEDOLIZUMAB OR USTEKINUMAB IN INFLAMMATORY BOWEL DISEASE, WITH IMPROVED PERSISTENCE SEEN WITH LONGER DURATION OF INITIAL COMBINATION THERAPY BEFORE DE-E|
ustekinumab|poster|Copenhagen 2023|PP0881|UTILITY OF VEDOLIZUMAB CLINICAL DECISION SUPPORT TOOL IN PREDICTION OF BIO-NAIVE CROHN'S DISEASE PATIENTS OUTCOMES TREATED WITH ADALIMUMAB OR USTEKINUMAB|
ustekinumab|poster|Copenhagen 2023|PP0703|PRETREATMENT SERUM MONOCYTE CHEMOATTRACTANT PROTEIN-1, BUT NOT TROUGH LEVEL, AS A PREDICTOR OF LONG-TERM OUTCOME BY USTEKINUMAB IN PATIENTS WITH CROHN'S DISEASE|
ustekinumab|poster|Copenhagen 2023|PP0666|USTEKINUMAB AND VEDOLIZUMAB AS FIRST-LINE BIOLOGICAL THERAPY FOR INFLAMMATORY BOWEL DISEASE IN CLINICAL PRACTICE. A MULTICENTER STUDY BASED ON THE ENEIDA REGISTRY|
ustekinumab|poster|Vienna 2024|MP677|IMPROVEMENT IN HEALTH-RELATED QUALITY OF LIFE IN PATIENTS WITH MODERATE TO SEVERE CROHN’S DISEASE TREATED WITH RISANKIZUMAB VERSUS USTEKINUMAB IN THE PHASE 3 SEQUENCE STUDY|
ustekinumab|poster|Vienna 2024|PP1187|HEALTHCARE RESOURCE UTILIZATION AND COSTS IN CROHN’S DISEASE AND ULCERATIVE COLITIS PATIENTS INITIATING USTEKINUMAB TREATMENT VIA JANSSEN’S BIOADVANCE® PROGRAM|
ustekinumab|poster|Vienna 2024|PP0593|PROPOSED USTEKINUMAB BIOSIMILAR FYB202: PHARMACOKINETIC EQUIVALENCE DEMONSTRATED IN A RANDOMISED, DOUBLE-BLIND, PARALLEL-GROUP, SINGLE-DOSE TRIAL IN HEALTHY SUBJECTS (RUSTIC)|
ustekinumab|poster|Copenhagen 2023|PP0797|TWELVE-MONTH OUTCOMES OF TREATMENT WITH USTEKINUMAB IN PATIENTS WITH CROHN’S DISEASE, IN A REAL-LIFE SETTING IN GREECE: INTERIM ANALYSIS OF THE ‘REASSURE’ STUDY|
ustekinumab|poster|Copenhagen 2023|PP0858|MATCHING-ADJUSTED INDIRECT COMPARISON OF UPADACITINIB VERSUS USTEKINUMAB ON ENDOSCOPIC OUTCOMES AMONG PATIENTS WITH MODERATELY TO SEVERELY ACTIVE CROHN’S DISEASE|
ustekinumab|poster|Berlin 2025|PP0545|EFFECTIVENESS AND SAFETY OF USTEKINUMAB INTENSIFICATION (90 MG EVERY 4 WEEKS) IN PATIENTS WITH CROHN’S DISEASE AND ULCERATIVE COLITIS WITH SUBOPTIMAL INITIAL RESPONSE TO STANDARD DOSING: REAL-WORLD DATA FROM A MULTICENTER RETROSPECTIVE GREEK STUDY|
ustekinumab|poster|Vienna 2024|MP672|WEEK 48 EFFICACY OF GUSELKUMAB AND USTEKINUMAB IN CROHN’S DISEASE BASED ON PRIOR RESPONSE/EXPOSURE TO BIOLOGIC THERAPY: RESULTS FROM THE GALAXI 2 & 3 PHASE 3 STUDIES|
ustekinumab|poster|Vienna 2024|PP0588|INFLAMMATORY BIOMARKER REDUCTION AND IMPROVEMENT NORMALIZATION AND IN CLINICAL OUTCOMES WITH RISANKIZUMAB VERSUS USTEKINUMAB IN PATIENTS WITH MODERATE TO SEVERE CROHN’S DISEASE: A POSTHOC ANALYSIS FROM THE PHASE 3 SEQUENCE STUDY|
ustekinumab|poster|Copenhagen 2023|PP0810|COMPARATIVE EFFICACY AND SAFETY OF UPADACITINIB, VEDOLIZUMAB, USTEKINUMAB AND TOFACITINIB AFTER ONE-YEAR MAINTENANCE THERAPY FOR MODERATELY TO SEVERELY ACTIVE ULCERATIVE COLITIS: 3 MATCHING-ADJUSTED INDIRECT COMPARISONS|
ustekinumab|poster|Copenhagen 2023|MP391|HIGH IL12 AND TH1-RESTRICTED IL23 RECEPTOR EXPRESSION IN THE INTESTINAL LAMINA PROPRIA CELLS IDENTIFIES CROHN’S DISEASE PATIENT’S RESPONDER TO USTEKINUMAB|
ustekinumab|poster|Copenhagen 2023|PP0898|USTEKINUMAB IS SUPERIOR IN TREATMENT PERSISTENCE AND COLECTOMY-FREE SURVIVAL AMONG SEQUENTIAL BIOLOGICAL THERAPIES IN MODERATE-TO-SEVERE ULCERATIVE COLITIS REFRACTORY TO ANTI-TNF – PRELIMINARY DATA OF A RETROSPECTIVE, MULTICENTRE STUDY|
ustekinumab|poster|Vienna 2024|MP622|RISANKIZUMAB IS ASSOCIATED WITH GREATER IMPROVEMENTS IN SIMPLE ENDOSCOPIC SCORE FOR CROHN’S DISEASE VS USTEKINUMAB IN PATIENTS WITH MODERATELY TO SEVERELY ACTIVE CROHN’S DISEASE: POST HOC RESULTS FROM THE PHASE 3B SEQUENCE TRIAL|
ustekinumab|presentation|Berlin 2025||USTEKINUMAB FOR FISTULIZING PERIANAL CROHN’S DISEASE: WEEK-12 RESULTS FROM THE USTAP RANDOMIZED PLACEBO CONTROLLED GETAID TRIAL|
ustekinumab|presentation|Copenhagen 2023||COMPARATIVE EFFECTIVENESS OF USTEKINUMAB AND ADALIMUMAB IN THE PREVENTION OF POST-OPERATIVE RECURRENCE IN CROHN’S DISEASE|
ustekinumab|presentation|Berlin 2025||MOLECULAR DIFFERENTIATION OF GUSELKUMAB AND USTEKINUMAB IN MODERATELY TO SEVERELY ACTIVE CROHN’S DISEASE: POST HOC ANALYSIS OF THE GALAXI 2 AND 3 PHASE 3 STUDIES|
ustekinumab|presentation|Copenhagen 2023||REAL WORLD EVIDENCE OF USTEKINUMAB IN ULCERATIVE COLITIS: SHORT AND LONG-TERM EFFECTIVENESS AND SAFETY: THE ULISES STUDY|
ustekinumab|presentation|Vienna 2024||RISANKIZUMAB, BUT NOT USTEKINUMAB OR VEDOLIZUMAB, DOWNREGULATES IL-23-INDUCED MUCOSAL PATHOGENIC TH17 CELLS IN PATIENTS WITH CROHN’S DISEASE|
ustekinumab|presentation|Vienna 2024||LONG-TERM EFFECTIVENESS AND SAFETY OF USTEKINUMAB IN PATIENTS WITH ULCERATIVE COLITIS: REAL-WORLD DATA FROM THE IBDREAM AND INITIATIVE ON CROHN AND COLITIS REGISTRIES|
ustekinumab|presentation|Copenhagen 2023||RISANKIZUMAB VERSUS USTEKINUMAB FOR PATIENTS WITH MODERATE TO SEVERE CROHN'S DISEASE: RESULTS FROM THE PHASE 3B SEQUENCE STUDY|
ustekinumab|presentation|Berlin 2025||EFFICACY AND SAFETY OF SUBCUTANEOUS GUSELKUMAB RESCUE THERAPY IN PATIENTS WITH MODERATELY TO SEVERELY ACTIVE CROHN’S DISEASE AND INADEQUATE RESPONSE TO USTEKINUMAB: RESULTS FROM GALAXI 1, 2, & 3 LONG-TERM EXTENSION|
ustekinumab|presentation|Vienna 2024||LENGTHENING USTEKINUMAB DOSING INTERVALS FROM EVERY 8 WEEKS TO EVERY 12 WEEKS IN IBD PATIENTS IN REMISSION: PRELIMINARY RESULTS OF A PROSPECTIVE OBSERVATIONAL COHORT STUDY|
ustekinumab|presentation|Copenhagen 2023||ANALYSIS OF BASELINE CHARACTERISTICS ASSOCIATED WITH CLINICAL RESPONSE TO USTEKINUMAB IV RE-INDUCTION STRATEGY IN PATIENTS WITH CROHN’S DISEASE IN THE POWER TRIAL|
ustekinumab|presentation|Vienna 2024||EFFECTS OF MIRIKIZUMAB AND USTEKINUMAB ON HISTOLOGIC INFLAMMATION EVALUATED BY COMPREHENSIVE ASSESSMENT IN 5 INTESTINAL SEGMENTS IN A RANDOMIZED CONTROLLED PHASE 3 TRIAL OF PARTICIPANTS WITH CROHN’S DISEASE|
ustekinumab|presentation|Copenhagen 2023||REAL-WORLD COMPARISON OF EFFECTIVENESS BETWEEN TOFACITINIB AND USTEKINUMAB IN PATIENTS WITH ULCERATIVE COLITIS EXPOSED TO AT LEAST ONE ANTI-TNF AGENT: LONG-TERM RESULTS FROM THE TORUS STUDY|
tulisokibart|poster|Berlin 2025|MP727|EFFICACY AND SAFETY OF TULISOKIBART MAINTENANCE TREATMENT IN TULISOKIBART INDUCTION RESPONDERS VERSUS TULISOKIBART RE-INDUCTION AND DELAYED INDUCTION RESPONDERS: RESULTS FROM THE OPEN-LABEL EXTENSION OF THE PHASE 2 ARTEMIS-UC TRIAL IN PATIENTS WITH ULCERA|
afimkibart|poster|Berlin 2025|PP0377|AFIMKIBART (ANTI-TL1A) IS EFFECTIVE IN THE BLOCKADE OF CELLULAR SIGNALING INDUCED BY ACTIVE TL1A|
afimkibart|poster|Berlin 2025|MP726|BASELINE CHARACTERISTICS ASSOCIATED WITH PROBABILITY OF REMISSION AND GREATER ABSOLUTE BENEFIT OF TREATMENT WITH AFIMKIBART (RO7790121/RG6631)|
obefazimod|poster|Copenhagen 2023|MP085|CORRELATION OF MIR-124 UPREGULATION AND PK PARAMETERS IN BLOOD OF PATIENTS WITH MODERATE-TO-SEVERE ULCERATIVE COLITIS RECEIVING OBEFAZIMOD FOR 16 WEEKS|
obefazimod|poster|Copenhagen 2023|PP0892|LONG-TERM UPREGULATION OF MIR-124 IN BLOOD AND RECTAL BIOPSIES OF PATIENTS WITH MODERATE-TO-SEVERE ULCERATIVE COLITIS RECEIVING OBEFAZIMOD 50 MG DAILY FOR 96-WEEKS|
etrasimod|poster|Copenhagen 2023|PP0782|IMPACT OF ETRASIMOD ON BLOOD PRESSURE AND HYPERTENSION: DATA FROM THE ETRASIMOD ULCERATIVE COLITIS CLINICAL PROGRAMME|
obefazimod|poster|Vienna 2024|MP689|CORTICOSTEROID-FREE EFFICACY AND SAFETY OF UC PATIENTS RECEIVING ONCE DAILY OBEFAZIMOD IN AN OPEN LABEL, 96-WEEK MAINTENANCE STUDY AMONG PATIENTS WHO WERE RECEIVING CONCOMITANT CORTICOSTEROIDS AT INDUCTION BASELINE|
etrasimod|poster|Vienna 2024|MP342|PREGNANCY OUTCOMES IN THE ETRASIMOD CLINICAL PROGRAMME|
duvakitug|poster|Berlin 2025|MP134|DUVAKITUG INDUCTION TREATMENT IMPROVES CLINICAL AND ENDOSCOPIC OUTCOMES IN MODERATELY TO SEVERELY ACTIVE ULCERATIVE COLITIS: AN ENDOSCOPIC SUBGROUP ANALYSIS OF DATA FROM THE RELIEVE-UCCD PHASE 2B STUDY|
ozanimod|poster|Copenhagen 2023|MP321|EFFECT OF MILD OR MODERATE HEPATIC IMPAIRMENT ON THE PHARMACOKINETICS OF OZANIMOD|
etrasimod|poster|Copenhagen 2023|MP432|HEPATIC IMPACT OF ETRASIMOD FOR TREATMENT OF MODERATELY TO SEVERELY ACTIVE ULCERATIVE COLITIS: AN INTEGRATED SAFETY SUMMARY FROM THE ETRASIMOD ULCERATIVE COLITIS CLINICAL PROGRAMME|
tulisokibart|poster|Berlin 2025|MP315|RELATIONSHIP BETWEEN CLINICAL AND HISTOLOGIC FINDINGS WITH TULISOKIBART INDUCTION AT WEEK 12 AND MAINTENANCE DOSING AT WEEK 50 IN THE PHASE 2 RANDOMIZED CONTROLLED ARTEMIS-UC STUDY IN PARTICIPANTS WITH ULCERATIVE COLITIS|
ozanimod|poster|Vienna 2024|PP0549|IMPACT OF OZANIMOD ON TYPE IV COLLAGEN BIOMARKERS AND THE ASSOCIATION WITH OZANIMOD EFFICACY IN PATIENTS WITH MODERATELY TO SEVERELY ACTIVE ULCERATIVE COLITIS: RESULTS FROM THE PHASE 3 TRUE NORTH STUDY|
etrasimod|poster|Vienna 2024|MP003|LOW INCIDENCE OF MACULAR OEDEMA IN PATIENTS IN THE ETRASIMOD CLINICAL PROGRAMME|
ozanimod|poster|Copenhagen 2023|PP0765|REINITIATION OF OZANIMOD AFTER DOSE INTERRUPTION: ASSESSMENT OF EFFECT ON HEART RATE|
ozanimod|poster|Vienna 2024|MP683|IMPACT OF OZANIMOD ON TYPE III COLLAGEN TURNOVER BIOMARKERS AND THE ASSOCIATION WITH OZANIMOD EFFICACY IN PATIENTS WITH MODERATELY TO SEVERELY ACTIVE ULCERATIVE COLITIS: RESULTS FROM THE PHASE 3 TRUE NORTH STUDY|
ozanimod|poster|Berlin 2025|CC125|EFFICACY AND SAFETY OF OZANIMOD AS FIRST-LINE ADVANCED TREATMENT FOR CROHN'S COLITIS IN A PATIENT WITH MULTIPLE SCLEROSIS|
etrasimod|poster|Berlin 2025|PP0488|EFFICACY AND SAFETY OF ETRASIMOD IN PATIENTS WITH ULCERATIVE COLITIS ACCORDING TO SEX IN THE ELEVATE UC CLINICAL PROGRAMME|
etrasimod|poster|Berlin 2025|PP0489|SYMPTOMATIC RESPONSE TRAJECTORIES OF ETRASIMOD IN UC PATIENTS: A POST HOC ANALYSIS OF THE ELEVATE UC 52 TRIAL|
ozanimod|poster|Copenhagen 2023|MP044|IMPACT OF PRIOR BIOLOGIC EXPOSURE ON THE DURABILITY OF 3-YEAR CONTINUOUS OZANIMOD TREATMENT|
ozanimod|poster|Vienna 2024|PP0586|EFFECT OF OZANIMOD AT THERAPEUTIC AND SUPRATHERAPEUTIC DOSES ON ABSOLUTE LYMPHOCYTE COUNT AND HEART RATE IN HEALTHY ADULTS|
etrasimod|poster|Berlin 2025|MP608|EARLY SYMPTOMATIC IMPROVEMENT ASSOCIATIONS WITH WEEK 12 OUTCOMES: E-DIARY RESULTS FROM THE ETRASIMOD ELEVATE UC CLINICAL PROGRAMME|
ozanimod|poster|Copenhagen 2023|MP427|GROUP-BASED TRAJECTORY MODELING TO IDENTIFY RESPONSE PATTERNS TO OZANIMOD TREATMENT IN PATIENTS WITH ULCERATIVE COLITIS|
ozanimod|poster|Copenhagen 2023|MP358|LONG-TERM SAFETY OF OZANIMOD IN MODERATELY TO SEVERELY ACTIVE ULCERATIVE COLITIS AND RELAPSING MULTIPLE SCLEROSIS|
etrasimod|poster|Berlin 2025|MP729|EFFICACY OF ETRASIMOD AS FIRST-LINE ADVANCED TREATMENT FOLLOWING FAILURE OF AMINOSALICYLATES ONLY: DATA FROM THE ELEVATE UC 52 PHASE 3 CLINICAL TRIAL|
etrasimod|poster|Berlin 2025|MP359|BOWEL URGENCY OUTCOMES ARE ASSOCIATED WITH CLINICAL OUTCOMES, HEALTH-RELATED QUALITY OF LIFE AND BIOMARKERS IN THE ETRASIMOD ELEVATE UC 52 CLINICAL TRIAL|
obefazimod|poster|Vienna 2024|MP688|IMPACT OF OBEFAZIMOD INDUCTION THERAPY ON HISTOLOGIC AND COMBINED HISTOLOGIC AND ENDOSCOPIC OUTCOMES IN PATIENTS WITH MODERATELY TO SEVERELY ACTIVE ULCERATIVE COLITIS: WEEK 8 RESULTS FROM THE PHASE 2B INDUCTION TRIAL|
etrasimod|poster|Vienna 2024|MP686|EFFICACY AND SAFETY PROFILE OF ETRASIMOD WAS NOT IMPACTED BY BASELINE DISEASE ACTIVITY: A POST HOC ANALYSIS OF THE ELEVATE UC PROGRAMME|
etrasimod|poster|Berlin 2025|PP0550|COST-EFFECTIVENESS ANALYSIS OF ETRASIMOD COMPARED WITH BIOLOGIC THERAPIES FOR PATIENTS WITH MODERATE-TO-SEVERE ACTIVE ULCERATIVE COLITIS EXPERIENCED TO PREVIOUS ADVANCED THERAPIES IN SPAIN|
ozanimod|poster|Vienna 2024|MP684|EFFICACY AND SAFETY OF 5 YEARS OF CONTINUOUS OZANIMOD TREATMENT: AN INTERIM ANALYSIS OF THE TRUE NORTH OPEN-LABEL EXTENSION STUDY|
ozanimod|poster|Copenhagen 2023|PP0764|PREGNANCY OUTCOMES IN THE OZANIMOD CLINICAL DEVELOPMENT PROGRAM IN ULCERATIVE COLITIS, CROHN’S DISEASE, AND RELAPSING MULTIPLE SCLEROSIS|
etrasimod|poster|Copenhagen 2023|MP431|CORTICOSTEROID-FREE EFFICACY OUTCOMES IN PATIENTS RECEIVING CONCOMITANT CORTICOSTEROIDS AT BASELINE IN THE ETRASIMOD ELEVATE UC 52 TRIAL|
etrasimod|poster|Vienna 2024|PP0547|EFFICACY AND SAFETY OF ETRASIMOD IN PATIENTS WITH ULCERATIVE COLITIS STRATIFIED BY BODY MASS INDEX: A POST HOC ANALYSIS FROM THE ELEVATE UC CLINICAL PROGRAMME|
ozanimod|poster|Vienna 2024|MP685|SIMILAR EFFICACY OF MESALAZINE (ASACOL) AND OZANIMOD (ZEPOSIA) FOLLOWING INDUCTION TREATMENT IN 5-ASA-EXPOSED ADVANCED THERAPY-NAÏVE ULCERATIVE COLITIS PATIENTS|
etrasimod|poster|Copenhagen 2023|PP0789|ETRASIMOD INDUCTION THERAPY IN MODERATELY TO SEVERELY ACTIVE CROHN’S DISEASE: RESULTS FROM A PHASE 2, RANDOMISED, DOUBLE-BLIND SUBSTUDY|
etrasimod|poster|Vienna 2024|PP0355|CHARACTERISATION OF THE EFFECT OF ETRASIMOD ON PERIPHERAL BLOOD MONONUCLEAR CELLS: DATA FROM ELEVATE UC 52 AND ELEVATE UC 12 PHASE 3 CLINICAL TRIALS|
ozanimod|poster|Vienna 2024|MP680|DELAYED RESPONSE TO OZANIMOD IN PATIENTS WITH MODERATE VS. SEVERE ENDOSCOPIC DISEASE: 4-YEAR INTERIM ANALYSIS OF THE TRUE NORTH OPEN-LABEL EXTENSION STUDY|
ozanimod|poster|Vienna 2024|MP682|OZANIMOD IN ROUTINE CLINICAL CARE OF ULCERATIVE COLITIS: AN INTERIM ANALYSIS OF THE MULTICENTRE, PROSPECTIVE, NONINTERVENTIONAL STUDY COLIBRI (NIS COLIBRI) EVALUATING EFFECTIVENESS AND SAFETY IN GERMANY|
etrasimod|poster|Copenhagen 2023|PP0788|EFFICACY AND SAFETY OF ETRASIMOD IN PATIENTS WITH AND WITHOUT CONCOMITANT CORTICOSTEROID TREATMENT IN THE PHASE 3 ELEVATE UC 52 AND ELEVATE UC 12 TRIALS|
etrasimod|poster|Vienna 2024|MP493|EFFICACY AND SAFETY OF THE SELECTIVE SPHINGOSINE 1-PHOSPHATE RECEPTOR MODULATOR, ETRASIMOD, IN ADULT PATIENTS WITH EOSINOPHILIC OESOPHAGITIS: PRIMARY RESULTS FROM THE PHASE 2 VOYAGE STUDY|
etrasimod|poster|Vienna 2024|PP0354|THE IMPACT OF ETRASIMOD ON THE TRANSCRIPTOME IN COLON BIOPSIES USING RNA-SEQ: DATA FROM ELEVATE UC 52 AND ELEVATE UC 12 PHASE 3 CLINICAL TRIALS|
ozanimod|poster|Vienna 2024|MP681|IMPACT OF BASELINE DISEASE DURATION ON OZANIMOD EFFICACY IN PATIENTS WITH MODERATELY TO SEVERELY ACTIVE ULCERATIVE COLITIS: A POST HOC ANALYSIS OF THE PHASE 3 TRUE NORTH STUDY|
ozanimod|poster|Copenhagen 2023|MP430|EFFECTS OF EARLY MUCOSAL HEALING AT WEEK 10 USING STRINGENT CRITERIA IN PATIENTS WITH ULCERATIVE COLITIS TREATED WITH OZANIMOD ON CLINICAL OUTCOMES AT WEEK 52|
etrasimod|poster|Berlin 2025|PP0490|EFFICACY OF ETRASIMOD AT WEEK 52 AMONG BIOLOGIC/JANUS KINASE INHIBITOR-NAÏVE PATIENTS WITH ULCERATIVE COLITIS WHO REACHED CLINICAL RESPONSE AT WEEK 12: POST HOC ANALYSIS OF THE PHASE 3 ELEVATE UC 52 RANDOMISED TRIAL|
etrasimod|poster|Copenhagen 2023|MP359|SYMPTOMATIC IMPROVEMENT OBSERVED WITHIN 2 DAYS OF ETRASIMOD INDUCTION THERAPY: RESULTS FROM ELEVATE UC 52 AND ELEVATE UC 12 STUDIES IN PATIENTS WITH ULCERATIVE COLITIS|
etrasimod|poster|Copenhagen 2023|MP429|EFFICACY AND SAFETY OF ETRASIMOD IN PATIENTS WITH MODERATE TO SEVERE ISOLATED PROCTITIS RELATIVE TO THOSE WITH MORE EXTENSIVE COLITIS: RESULTS FROM THE PHASE 3 ELEVATE UC 52 AND ELEVATE UC 12 TRIALS|
ozanimod|poster|Copenhagen 2023|MP426|DURABILITY OF SYMPTOMATIC AND CLINICAL OUTCOMES IN OZANIMOD-TREATED PATIENTS BY ENDPOINTS OF INCREASING OBJECTIVITY AT TRUE NORTH WEEK 52: INTERIM ANALYSIS OF THE TRUE NORTH OPEN-LABEL EXTENSION STUDY|
etrasimod|poster|Copenhagen 2023|MP423|MAINTENANCE OF WEEK 12 RESPONSES THROUGH WEEK 52 WITH ETRASIMOD IN PATIENTS WITH MODERATELY TO SEVERELY ACTIVE ULCERATIVE COLITIS: POST HOC ANALYSIS OF THE PHASE 3 ELEVATE UC 52 TRIAL|
etrasimod|poster|Copenhagen 2023|PP0784|HEALTH-RELATED QUALITY OF LIFE FROM THE INFLAMMATORY BOWEL DISEASE QUESTIONNAIRE AMONG PATIENTS WITH ULCERATIVE COLITIS STRATIFIED BY PRIOR AND CONCOMITANT THERAPIES: RESULTS FROM THE ETRASIMOD ELEVATE UC CLINICAL PROGRAMME|
ozanimod|poster|Copenhagen 2023|MP424|LONG-TERM CLINICAL AND ENDOSCOPIC OUTCOMES IN TRUE NORTH WEEK 52 CLINICAL REMITTERS OVER 3 YEARS OF TREATMENT WITH OZANIMOD: AN INTERIM ANALYSIS OF THE TRUE NORTH OPEN-LABEL EXTENSION STUDY|
ozanimod|poster|Copenhagen 2023|MP425|DURABILITY OF OZANIMOD RESPONSE BY BASELINE ENDOSCOPIC DISEASE ACTIVITY IN ADVANCED THERAPY–NAIVE PATIENTS WITH ULCERATIVE COLITIS UNCONTROLLED ON CONVENTIONAL THERAPIES: INTERIM ANALYSIS OF THE TRUE NORTH OPEN-LABEL EXTENSION|
etrasimod|poster|Vienna 2024|MP687|EFFICACY AND SAFETY OF ETRASIMOD INDUCTION THERAPY IN ASIA PATIENTS WITH MODERATELY TO SEVERELY ACTIVE ULCERATIVE COLITIS: RESULTS FROM THE 12-WEEK INDUCTION PERIOD OF A PHASE 3, RANDOMIZED, PLACEBO-CONTROLLED, DOUBLE-BLIND, MULTICENTER, CHINA REGISTRATIO|
ozanimod|poster|Copenhagen 2023|PP0769|IMPACT OF OZANIMOD (OZA) ON INTERLEUKIN-17A (IL-17A) LEVELS AND THE ASSOCIATION WITH OZA EFFICACY IN PATIENTS (PTS) WITH MODERATELY TO SEVERELY ACTIVE ULCERATIVE COLITIS (UC): RESULTS FROM THE PHASE 3 TRUE NORTH (TN) STUDY|
ozanimod|poster|Copenhagen 2023|PP0768|IMPACT OF OZANIMOD (OZA) ON C-REACTIVE PROTEIN (CRP) LEVELS AND THE ASSOCIATION WITH OZA EFFICACY IN PATIENTS (PTS) WITH MODERATELY TO SEVERELY ACTIVE ULCERATIVE COLITIS (UC): RESULTS FROM THE PHASE 3 TRUE NORTH (TN) STUDY|
obefazimod|presentation|Copenhagen 2023||OBEFAZIMOD IN PATIENTS WITH MODERATE-TO-SEVERE ULCERATIVE COLITIS: EFFICACY AND SAFETY ANALYSIS FROM THE 96-WEEK OPEN-LABEL MAINTENANCE PHASE 2B STUDY|
duvakitug|presentation|Berlin 2025||DUVAKITUG INDUCTION TREATMENT IMPROVES ENDOSCOPIC AND PATIENT-REPORTED CLINICAL OUTCOMES IN PATIENTS WITH CROHN’S DISEASE: AN ENDOSCOPIC SUBGROUP ANALYSIS OF DATA FROM THE RELIEVE-UCCD PHASE 2B STUDY|
obefazimod|presentation|Berlin 2025||EFFICACY OF OBEFAZIMOD IN ABTECT PHASE 3 INDUCTION TRIALS: RESULTS OF 8-WEEK THERAPY IN SUBSETS OF PATIENTS WITH AND WITHOUT PRIOR INADEQUATE RESPONSE TO ADVANCED THERAPIES|
tulisokibart|presentation|Vienna 2024||LONG-TERM EFFICACY AND SAFETY OF TULISOKIBART IN PATIENTS WITH ULCERATIVE COLITIS (UC): RESULTS FROM THE OPEN-LABEL EXTENSION PERIOD OF THE PHASE 2 ARTEMIS-UC STUDY|
etrasimod|presentation|Berlin 2025||THE EFFICACY AND SAFETY OF ETRASIMOD IN MILDLY TO MODERATELY ACTIVE ULCERATIVE COLITIS: RESULTS FROM THE GLADIATOR TRIAL|
tulisokibart|presentation|Vienna 2024||LONG-TERM EFFICACY AND SAFETY OF TULISOKIBART IN PATIENTS WITH CROHN’S DISEASE (CD): RESULTS FROM THE OPEN-LABEL EXTENSION PERIOD OF THE PHASE 2 APOLLO-CD STUDY|
obefazimod|presentation|Berlin 2025||EFFICACY AND SAFETY OF OBEFAZIMOD IN PATIENTS WITH MODERATELY TO SEVERELY ACTIVE ULCERATIVE COLITIS: RESULTS FROM TWO, PHASE 3, RANDOMISED, DOUBLE-BLIND, PLACEBO-CONTROLLED, 8-WEEK INDUCTION TRIALS (ABTECT-1 & 2)|
obefazimod|presentation|Vienna 2024||EFFICACY AND SAFETY OF OBEFAZIMOD IN UC PATIENTS AT WEEK 48 OF AN OPEN-LABEL MAINTENANCE STUDY AMONG CLINICAL NON-RESPONDERS AT WEEK 8 OF THE PHASE 2B INDUCTION TRIAL|
etrasimod|presentation|Vienna 2024||ETRASIMOD FOR MODERATELY TO SEVERELY ACTIVE CROHN’S DISEASE: RESULTS FROM THE EXTENSION PERIOD OF A PHASE 2 STUDY|
ozanimod|presentation|Copenhagen 2023||OZANIMOD-EXPOSED PATIENTS WITH ULCERATIVE COLITIS UNDERGOING TOTAL COLECTOMY EXHIBIT UNIQUE HISTOLOGIC CHANGES IN LYMPH NODES|
ozanimod|presentation|Copenhagen 2023||EFFICACY OF OZANIMOD AS AN INDUCTION THERAPY IN ADVANCED THERAPY–NAIVE ULCERATIVE COLITIS PATIENTS SUBOPTIMALLY CONTROLLED ON CONVENTIONAL TREATMENTS|
ozanimod|presentation|Copenhagen 2023||OZANIMOD AS A MAINTENANCE THERAPY IN ADVANCED THERAPY–NAIVE ULCERATIVE COLITIS PATIENTS WITH MODERATE VS SEVERE ENDOSCOPIC DISEASE|
etrasimod|presentation|Copenhagen 2023||EARLY DISEASE CLEARANCE WITH ETRASIMOD AND CORRELATION WITH WEEK 52 OUTCOMES AND BIOMARKERS: A POST HOC ANALYSIS OF THE PHASE 3 ELEVATE UC TRIALS|
etrasimod|presentation|Vienna 2024||EFFICACY AND SAFETY OF THE SELECTIVE SPHINGOSINE 1-PHOSPHATE RECEPTOR MODULATOR, ETRASIMOD, IN ADULT PATIENTS WITH EOSINOPHILIC OESOPHAGITIS OVER 52 WEEKS IN THE PHASE 2 VOYAGE STUDY|
ozanimod|presentation|Vienna 2024||SAFETY OF LONG-TERM OZANIMOD TREATMENT UP TO 5 YEARS IN PATIENTS WITH MODERATELY TO SEVERELY ACTIVE ULCERATIVE COLITIS: AN INTERIM ANALYSIS OF THE TRUE NORTH OPEN-LABEL EXTENSION|
etrasimod|presentation|Copenhagen 2023||IMPACT OF PRIOR BIOLOGIC/JANUS KINASE INHIBITOR THERAPY ON THE EFFICACY OF ETRASIMOD: SUBGROUP ANALYSIS FROM THE PHASE 3 ELEVATE UC 52 AND ELEVATE UC 12 TRIALS|
ozanimod|presentation|Copenhagen 2023||ASSOCIATION OF NONSWITCHED MEMORY B-CELL (MBC) LEVELS WITH OZANIMOD (OZA) EFFICACY IN PATIENTS (PTS) WITH MODERATELY TO SEVERELY ACTIVE CROHN’S DISEASE (CD): RESULTS FROM THE PHASE 2 STEPSTONE STUDY|
